[
  {
    "canonical_executive_id": "019c664f-675e-414e-95c2-d9980bd58c1c",
    "company_prospect_id": "6048ed0e-fa3a-4a25-93a8-c1959bb501f5",
    "component_size": 1,
    "display_name": "fixture seed coo",
    "member_executive_ids": [
      "019c664f-675e-414e-95c2-d9980bd58c1c"
    ],
    "members": [
      {
        "discovered_by": "external",
        "executive_id": "019c664f-675e-414e-95c2-d9980bd58c1c",
        "resolution_sources": [
          "self"
        ],
        "review_status": "new",
        "verification_status": "unverified"
      }
    ],
    "provenance": "external",
    "resolution_sources": [
      "self"
    ],
    "review_status": "new",
    "title": "Chief Operating Officer",
    "verification_status": "unverified"
  },
  {
    "assignment_id": "63a38dc0-94e9-4081-a243-b63759ab5c00",
    "assignment_status": "sourced",
    "candidate_id": "251f5eb4-7f9d-43d0-9650-bb1806c91ca6",
    "canonical_executive_id": "77506a1a-fe6a-4d38-b1de-c09e65c14309",
    "company_prospect_id": "6048ed0e-fa3a-4a25-93a8-c1959bb501f5",
    "component_size": 1,
    "display_name": "fixture seed cfo",
    "member_executive_ids": [
      "77506a1a-fe6a-4d38-b1de-c09e65c14309"
    ],
    "members": [
      {
        "discovered_by": "internal",
        "executive_id": "77506a1a-fe6a-4d38-b1de-c09e65c14309",
        "resolution_sources": [
          "self"
        ],
        "review_status": "accepted",
        "verification_status": "unverified"
      }
    ],
    "pipeline_stage_id": "c1111406-3a80-4a41-821a-44a4ded9dfb1",
    "pipeline_stage_name": "Sourced",
    "provenance": "internal",
    "resolution_sources": [
      "self"
    ],
    "review_status": "accepted",
    "role_id": "91dc5f5d-285e-4b8b-b39d-b3b28b03dbbb",
    "title": "Chief Financial Officer",
    "verification_status": "unverified"
  },
  {
    "canonical_executive_id": "7bedc6b1-7e91-46b1-bbcb-85d2ee67c484",
    "company_prospect_id": "6048ed0e-fa3a-4a25-93a8-c1959bb501f5",
    "component_size": 1,
    "display_name": "fixture seed ceo",
    "member_executive_ids": [
      "7bedc6b1-7e91-46b1-bbcb-85d2ee67c484"
    ],
    "members": [
      {
        "discovered_by": "both",
        "executive_id": "7bedc6b1-7e91-46b1-bbcb-85d2ee67c484",
        "resolution_sources": [
          "self"
        ],
        "review_status": "new",
        "verification_status": "unverified"
      }
    ],
    "provenance": "both",
    "resolution_sources": [
      "self"
    ],
    "review_status": "new",
    "title": "Chief Executive Officer",
    "verification_status": "unverified"
  }
]