[
  {
    "canonical_executive_id": "44c4a21f-b1ec-426c-8724-3bfa9f5b50d7",
    "company_prospect_id": "c899af63-4c26-4544-84d1-b8fb5c8fac6f",
    "component_size": 1,
    "display_name": "fixture seed cfo",
    "member_executive_ids": [
      "44c4a21f-b1ec-426c-8724-3bfa9f5b50d7"
    ],
    "members": [
      {
        "discovered_by": "internal",
        "executive_id": "44c4a21f-b1ec-426c-8724-3bfa9f5b50d7",
        "resolution_sources": [
          "self"
        ],
        "review_status": "new",
        "verification_status": "unverified"
      }
    ],
    "provenance": "internal",
    "resolution_sources": [
      "self"
    ],
    "review_status": "new",
    "title": "Chief Financial Officer",
    "verification_status": "unverified"
  },
  {
    "assignment_id": "6d683c78-4f2a-4fe5-a962-b7e6cbff72d0",
    "assignment_status": "sourced",
    "candidate_id": "3a7a635e-ad46-4963-9c3e-c2ac2054ce38",
    "canonical_executive_id": "570693ae-d3a6-41ff-9e0d-3de2ad998ba1",
    "company_prospect_id": "c899af63-4c26-4544-84d1-b8fb5c8fac6f",
    "component_size": 1,
    "display_name": "fixture seed ceo",
    "member_executive_ids": [
      "570693ae-d3a6-41ff-9e0d-3de2ad998ba1"
    ],
    "members": [
      {
        "discovered_by": "both",
        "executive_id": "570693ae-d3a6-41ff-9e0d-3de2ad998ba1",
        "resolution_sources": [
          "self"
        ],
        "review_status": "accepted",
        "verification_status": "unverified"
      }
    ],
    "pipeline_stage_id": "c1111406-3a80-4a41-821a-44a4ded9dfb1",
    "pipeline_stage_name": "Sourced",
    "provenance": "both",
    "resolution_sources": [
      "self"
    ],
    "review_status": "accepted",
    "role_id": "91dc5f5d-285e-4b8b-b39d-b3b28b03dbbb",
    "title": "Chief Executive Officer",
    "verification_status": "unverified"
  },
  {
    "canonical_executive_id": "e16bb234-f810-4998-b565-9ed8f49245f2",
    "company_prospect_id": "c899af63-4c26-4544-84d1-b8fb5c8fac6f",
    "component_size": 1,
    "display_name": "fixture seed coo",
    "member_executive_ids": [
      "e16bb234-f810-4998-b565-9ed8f49245f2"
    ],
    "members": [
      {
        "discovered_by": "external",
        "executive_id": "e16bb234-f810-4998-b565-9ed8f49245f2",
        "resolution_sources": [
          "self"
        ],
        "review_status": "new",
        "verification_status": "unverified"
      }
    ],
    "provenance": "external",
    "resolution_sources": [
      "self"
    ],
    "review_status": "new",
    "title": "Chief Operating Officer",
    "verification_status": "unverified"
  }
]