[
  {
    "canonical_executive_id": "44c4a21f-b1ec-426c-8724-3bfa9f5b50d7",
    "component_member_ids": [
      "44c4a21f-b1ec-426c-8724-3bfa9f5b50d7"
    ],
    "component_size": 1,
    "discovered_by": "internal",
    "executive_id": "44c4a21f-b1ec-426c-8724-3bfa9f5b50d7",
    "resolution_sources": [
      "self"
    ],
    "review_status": "new",
    "verification_status": "unverified"
  },
  {
    "canonical_executive_id": "570693ae-d3a6-41ff-9e0d-3de2ad998ba1",
    "component_member_ids": [
      "570693ae-d3a6-41ff-9e0d-3de2ad998ba1"
    ],
    "component_size": 1,
    "discovered_by": "both",
    "executive_id": "570693ae-d3a6-41ff-9e0d-3de2ad998ba1",
    "resolution_sources": [
      "self"
    ],
    "review_status": "accepted",
    "verification_status": "unverified"
  },
  {
    "canonical_executive_id": "e16bb234-f810-4998-b565-9ed8f49245f2",
    "component_member_ids": [
      "e16bb234-f810-4998-b565-9ed8f49245f2"
    ],
    "component_size": 1,
    "discovered_by": "external",
    "executive_id": "e16bb234-f810-4998-b565-9ed8f49245f2",
    "resolution_sources": [
      "self"
    ],
    "review_status": "new",
    "verification_status": "unverified"
  }
]