[
  {
    "canonical_executive_id": "019c664f-675e-414e-95c2-d9980bd58c1c",
    "component_member_ids": [
      "019c664f-675e-414e-95c2-d9980bd58c1c"
    ],
    "component_size": 1,
    "discovered_by": "external",
    "executive_id": "019c664f-675e-414e-95c2-d9980bd58c1c",
    "resolution_sources": [
      "self"
    ],
    "review_status": "new",
    "verification_status": "unverified"
  },
  {
    "canonical_executive_id": "77506a1a-fe6a-4d38-b1de-c09e65c14309",
    "component_member_ids": [
      "77506a1a-fe6a-4d38-b1de-c09e65c14309"
    ],
    "component_size": 1,
    "discovered_by": "internal",
    "executive_id": "77506a1a-fe6a-4d38-b1de-c09e65c14309",
    "resolution_sources": [
      "self"
    ],
    "review_status": "accepted",
    "verification_status": "unverified"
  },
  {
    "canonical_executive_id": "7bedc6b1-7e91-46b1-bbcb-85d2ee67c484",
    "component_member_ids": [
      "7bedc6b1-7e91-46b1-bbcb-85d2ee67c484"
    ],
    "component_size": 1,
    "discovered_by": "both",
    "executive_id": "7bedc6b1-7e91-46b1-bbcb-85d2ee67c484",
    "resolution_sources": [
      "self"
    ],
    "review_status": "new",
    "verification_status": "unverified"
  }
]