{
  "audit_summary": {
    "companies_accepted": 1,
    "companies_hold": 0,
    "companies_rejected": 0,
    "companies_total": 2,
    "events": [],
    "exec_accepted": 1,
    "exec_hold": 0,
    "exec_rejected": 0,
    "executives_total": 3,
    "pipeline_created_count": 1
  },
  "canonical_executives": [
    {
      "canonical_executive_id": "44c4a21f-b1ec-426c-8724-3bfa9f5b50d7",
      "company_prospect_id": "c899af63-4c26-4544-84d1-b8fb5c8fac6f",
      "component_size": 1,
      "display_name": "fixture seed cfo",
      "member_executive_ids": [
        "44c4a21f-b1ec-426c-8724-3bfa9f5b50d7"
      ],
      "members": [
        {
          "discovered_by": "internal",
          "executive_id": "44c4a21f-b1ec-426c-8724-3bfa9f5b50d7",
          "resolution_sources": [
            "self"
          ],
          "review_status": "new",
          "verification_status": "unverified"
        }
      ],
      "provenance": "internal",
      "resolution_sources": [
        "self"
      ],
      "review_status": "new",
      "title": "Chief Financial Officer",
      "verification_status": "unverified"
    },
    {
      "assignment_id": "6d683c78-4f2a-4fe5-a962-b7e6cbff72d0",
      "assignment_status": "sourced",
      "candidate_id": "3a7a635e-ad46-4963-9c3e-c2ac2054ce38",
      "canonical_executive_id": "570693ae-d3a6-41ff-9e0d-3de2ad998ba1",
      "company_prospect_id": "c899af63-4c26-4544-84d1-b8fb5c8fac6f",
      "component_size": 1,
      "display_name": "fixture seed ceo",
      "member_executive_ids": [
        "570693ae-d3a6-41ff-9e0d-3de2ad998ba1"
      ],
      "members": [
        {
          "discovered_by": "both",
          "executive_id": "570693ae-d3a6-41ff-9e0d-3de2ad998ba1",
          "resolution_sources": [
            "self"
          ],
          "review_status": "accepted",
          "verification_status": "unverified"
        }
      ],
      "pipeline_stage_id": "c1111406-3a80-4a41-821a-44a4ded9dfb1",
      "pipeline_stage_name": "Sourced",
      "provenance": "both",
      "resolution_sources": [
        "self"
      ],
      "review_status": "accepted",
      "role_id": "91dc5f5d-285e-4b8b-b39d-b3b28b03dbbb",
      "title": "Chief Executive Officer",
      "verification_status": "unverified"
    },
    {
      "canonical_executive_id": "e16bb234-f810-4998-b565-9ed8f49245f2",
      "company_prospect_id": "c899af63-4c26-4544-84d1-b8fb5c8fac6f",
      "component_size": 1,
      "display_name": "fixture seed coo",
      "member_executive_ids": [
        "e16bb234-f810-4998-b565-9ed8f49245f2"
      ],
      "members": [
        {
          "discovered_by": "external",
          "executive_id": "e16bb234-f810-4998-b565-9ed8f49245f2",
          "resolution_sources": [
            "self"
          ],
          "review_status": "new",
          "verification_status": "unverified"
        }
      ],
      "provenance": "external",
      "resolution_sources": [
        "self"
      ],
      "review_status": "new",
      "title": "Chief Operating Officer",
      "verification_status": "unverified"
    }
  ],
  "companies": [
    {
      "company_prospect_id": "c1a780f1-f2c0-4b60-a8a9-346ce70587ad",
      "discovered_by": "internal",
      "evidence_source_document_ids": [],
      "exec_search_enabled": false,
      "name": "fixture content",
      "rank_position": 1,
      "rank_score": 0.6,
      "review_status": "new",
      "verification_status": "unverified",
      "why_ranked_reason_codes": []
    },
    {
      "company_prospect_id": "c899af63-4c26-4544-84d1-b8fb5c8fac6f",
      "discovered_by": "seed_list",
      "evidence_source_document_ids": [
        "110a9eeb-9094-4e30-ad3e-85d159e4aca2"
      ],
      "exec_search_enabled": true,
      "name": "fixture seed",
      "rank_position": 2,
      "rank_score": 0.0,
      "review_status": "accepted",
      "verification_status": "unverified",
      "why_ranked_reason_codes": []
    }
  ],
  "executive_resolutions": [
    {
      "canonical_executive_id": "44c4a21f-b1ec-426c-8724-3bfa9f5b50d7",
      "component_member_ids": [
        "44c4a21f-b1ec-426c-8724-3bfa9f5b50d7"
      ],
      "component_size": 1,
      "discovered_by": "internal",
      "executive_id": "44c4a21f-b1ec-426c-8724-3bfa9f5b50d7",
      "resolution_sources": [
        "self"
      ],
      "review_status": "new",
      "verification_status": "unverified"
    },
    {
      "canonical_executive_id": "570693ae-d3a6-41ff-9e0d-3de2ad998ba1",
      "component_member_ids": [
        "570693ae-d3a6-41ff-9e0d-3de2ad998ba1"
      ],
      "component_size": 1,
      "discovered_by": "both",
      "executive_id": "570693ae-d3a6-41ff-9e0d-3de2ad998ba1",
      "resolution_sources": [
        "self"
      ],
      "review_status": "accepted",
      "verification_status": "unverified"
    },
    {
      "canonical_executive_id": "e16bb234-f810-4998-b565-9ed8f49245f2",
      "component_member_ids": [
        "e16bb234-f810-4998-b565-9ed8f49245f2"
      ],
      "component_size": 1,
      "discovered_by": "external",
      "executive_id": "e16bb234-f810-4998-b565-9ed8f49245f2",
      "resolution_sources": [
        "self"
      ],
      "review_status": "new",
      "verification_status": "unverified"
    }
  ],
  "executives_by_company": {
    "c899af63-4c26-4544-84d1-b8fb5c8fac6f": [
      {
        "assignment_id": "6d683c78-4f2a-4fe5-a962-b7e6cbff72d0",
        "assignment_status": "sourced",
        "candidate_id": "3a7a635e-ad46-4963-9c3e-c2ac2054ce38",
        "company_prospect_id": "c899af63-4c26-4544-84d1-b8fb5c8fac6f",
        "display_name": "fixture seed ceo",
        "evidence_source_document_ids": [
          "472e7af5-4137-4585-9b0a-ba79816cfb9c",
          "9a85132f-bb20-4e98-82f9-35c3bb659b28"
        ],
        "executive_id": "570693ae-d3a6-41ff-9e0d-3de2ad998ba1",
        "pipeline_stage_id": "c1111406-3a80-4a41-821a-44a4ded9dfb1",
        "pipeline_stage_name": "Sourced",
        "pipeline_status": "created",
        "provenance": "both",
        "rank_position": 1,
        "rank_score": 220.0,
        "review_status": "accepted",
        "role_id": "91dc5f5d-285e-4b8b-b39d-b3b28b03dbbb",
        "title": "Chief Executive Officer",
        "verification_status": "unverified"
      },
      {
        "company_prospect_id": "c899af63-4c26-4544-84d1-b8fb5c8fac6f",
        "display_name": "fixture seed cfo",
        "evidence_source_document_ids": [
          "472e7af5-4137-4585-9b0a-ba79816cfb9c"
        ],
        "executive_id": "44c4a21f-b1ec-426c-8724-3bfa9f5b50d7",
        "pipeline_status": "not_created",
        "provenance": "internal",
        "rank_position": 2,
        "rank_score": 110.0,
        "review_status": "new",
        "title": "Chief Financial Officer",
        "verification_status": "unverified"
      },
      {
        "company_prospect_id": "c899af63-4c26-4544-84d1-b8fb5c8fac6f",
        "display_name": "fixture seed coo",
        "evidence_source_document_ids": [
          "9a85132f-bb20-4e98-82f9-35c3bb659b28"
        ],
        "executive_id": "e16bb234-f810-4998-b565-9ed8f49245f2",
        "pipeline_status": "not_created",
        "provenance": "external",
        "rank_position": 3,
        "rank_score": 110.0,
        "review_status": "new",
        "title": "Chief Operating Officer",
        "verification_status": "unverified"
      }
    ]
  },
  "merge_decisions": [],
  "run_id": "b8b96e33-74bb-4994-a72e-311e78d59c98",
  "tenant_id": "860500aa-0076-4210-a16b-53eef8e3ffb7"
}