{
  "audit_summary": {
    "companies_accepted": 1,
    "companies_hold": 0,
    "companies_rejected": 0,
    "companies_total": 2,
    "events": [],
    "exec_accepted": 1,
    "exec_hold": 0,
    "exec_rejected": 0,
    "executives_total": 3,
    "pipeline_created_count": 1
  },
  "canonical_executives": [
    {
      "canonical_executive_id": "019c664f-675e-414e-95c2-d9980bd58c1c",
      "company_prospect_id": "6048ed0e-fa3a-4a25-93a8-c1959bb501f5",
      "component_size": 1,
      "display_name": "fixture seed coo",
      "member_executive_ids": [
        "019c664f-675e-414e-95c2-d9980bd58c1c"
      ],
      "members": [
        {
          "discovered_by": "external",
          "executive_id": "019c664f-675e-414e-95c2-d9980bd58c1c",
          "resolution_sources": [
            "self"
          ],
          "review_status": "new",
          "verification_status": "unverified"
        }
      ],
      "provenance": "external",
      "resolution_sources": [
        "self"
      ],
      "review_status": "new",
      "title": "Chief Operating Officer",
      "verification_status": "unverified"
    },
    {
      "assignment_id": "63a38dc0-94e9-4081-a243-b63759ab5c00",
      "assignment_status": "sourced",
      "candidate_id": "251f5eb4-7f9d-43d0-9650-bb1806c91ca6",
      "canonical_executive_id": "77506a1a-fe6a-4d38-b1de-c09e65c14309",
      "company_prospect_id": "6048ed0e-fa3a-4a25-93a8-c1959bb501f5",
      "component_size": 1,
      "display_name": "fixture seed cfo",
      "member_executive_ids": [
        "77506a1a-fe6a-4d38-b1de-c09e65c14309"
      ],
      "members": [
        {
          "discovered_by": "internal",
          "executive_id": "77506a1a-fe6a-4d38-b1de-c09e65c14309",
          "resolution_sources": [
            "self"
          ],
          "review_status": "accepted",
          "verification_status": "unverified"
        }
      ],
      "pipeline_stage_id": "c1111406-3a80-4a41-821a-44a4ded9dfb1",
      "pipeline_stage_name": "Sourced",
      "provenance": "internal",
      "resolution_sources": [
        "self"
      ],
      "review_status": "accepted",
      "role_id": "91dc5f5d-285e-4b8b-b39d-b3b28b03dbbb",
      "title": "Chief Financial Officer",
      "verification_status": "unverified"
    },
    {
      "canonical_executive_id": "7bedc6b1-7e91-46b1-bbcb-85d2ee67c484",
      "company_prospect_id": "6048ed0e-fa3a-4a25-93a8-c1959bb501f5",
      "component_size": 1,
      "display_name": "fixture seed ceo",
      "member_executive_ids": [
        "7bedc6b1-7e91-46b1-bbcb-85d2ee67c484"
      ],
      "members": [
        {
          "discovered_by": "both",
          "executive_id": "7bedc6b1-7e91-46b1-bbcb-85d2ee67c484",
          "resolution_sources": [
            "self"
          ],
          "review_status": "new",
          "verification_status": "unverified"
        }
      ],
      "provenance": "both",
      "resolution_sources": [
        "self"
      ],
      "review_status": "new",
      "title": "Chief Executive Officer",
      "verification_status": "unverified"
    }
  ],
  "companies": [
    {
      "company_prospect_id": "05a7afca-de8b-46ce-91ac-253252c96dad",
      "discovered_by": "internal",
      "evidence_source_document_ids": [],
      "exec_search_enabled": false,
      "name": "fixture content",
      "rank_position": 1,
      "rank_score": 0.6,
      "review_status": "new",
      "verification_status": "unverified",
      "why_ranked_reason_codes": []
    },
    {
      "company_prospect_id": "6048ed0e-fa3a-4a25-93a8-c1959bb501f5",
      "discovered_by": "seed_list",
      "evidence_source_document_ids": [
        "0bf89a0d-7800-4a85-99a3-0d3dc3708f41"
      ],
      "exec_search_enabled": true,
      "name": "fixture seed",
      "rank_position": 2,
      "rank_score": 0.0,
      "review_status": "accepted",
      "verification_status": "unverified",
      "why_ranked_reason_codes": []
    }
  ],
  "executive_resolutions": [
    {
      "canonical_executive_id": "019c664f-675e-414e-95c2-d9980bd58c1c",
      "component_member_ids": [
        "019c664f-675e-414e-95c2-d9980bd58c1c"
      ],
      "component_size": 1,
      "discovered_by": "external",
      "executive_id": "019c664f-675e-414e-95c2-d9980bd58c1c",
      "resolution_sources": [
        "self"
      ],
      "review_status": "new",
      "verification_status": "unverified"
    },
    {
      "canonical_executive_id": "77506a1a-fe6a-4d38-b1de-c09e65c14309",
      "component_member_ids": [
        "77506a1a-fe6a-4d38-b1de-c09e65c14309"
      ],
      "component_size": 1,
      "discovered_by": "internal",
      "executive_id": "77506a1a-fe6a-4d38-b1de-c09e65c14309",
      "resolution_sources": [
        "self"
      ],
      "review_status": "accepted",
      "verification_status": "unverified"
    },
    {
      "canonical_executive_id": "7bedc6b1-7e91-46b1-bbcb-85d2ee67c484",
      "component_member_ids": [
        "7bedc6b1-7e91-46b1-bbcb-85d2ee67c484"
      ],
      "component_size": 1,
      "discovered_by": "both",
      "executive_id": "7bedc6b1-7e91-46b1-bbcb-85d2ee67c484",
      "resolution_sources": [
        "self"
      ],
      "review_status": "new",
      "verification_status": "unverified"
    }
  ],
  "executives_by_company": {
    "6048ed0e-fa3a-4a25-93a8-c1959bb501f5": [
      {
        "company_prospect_id": "6048ed0e-fa3a-4a25-93a8-c1959bb501f5",
        "display_name": "fixture seed ceo",
        "evidence_source_document_ids": [
          "8e95d6c8-7694-4cdd-be7d-a85edeac4311",
          "fadc7e2f-20f0-4302-a101-e96d92b2a2e5"
        ],
        "executive_id": "7bedc6b1-7e91-46b1-bbcb-85d2ee67c484",
        "pipeline_status": "not_created",
        "provenance": "both",
        "rank_position": 1,
        "rank_score": 220.0,
        "review_status": "new",
        "title": "Chief Executive Officer",
        "verification_status": "unverified"
      },
      {
        "assignment_id": "63a38dc0-94e9-4081-a243-b63759ab5c00",
        "assignment_status": "sourced",
        "candidate_id": "251f5eb4-7f9d-43d0-9650-bb1806c91ca6",
        "company_prospect_id": "6048ed0e-fa3a-4a25-93a8-c1959bb501f5",
        "display_name": "fixture seed cfo",
        "evidence_source_document_ids": [
          "fadc7e2f-20f0-4302-a101-e96d92b2a2e5"
        ],
        "executive_id": "77506a1a-fe6a-4d38-b1de-c09e65c14309",
        "pipeline_stage_id": "c1111406-3a80-4a41-821a-44a4ded9dfb1",
        "pipeline_stage_name": "Sourced",
        "pipeline_status": "created",
        "provenance": "internal",
        "rank_position": 2,
        "rank_score": 110.0,
        "review_status": "accepted",
        "role_id": "91dc5f5d-285e-4b8b-b39d-b3b28b03dbbb",
        "title": "Chief Financial Officer",
        "verification_status": "unverified"
      },
      {
        "company_prospect_id": "6048ed0e-fa3a-4a25-93a8-c1959bb501f5",
        "display_name": "fixture seed coo",
        "evidence_source_document_ids": [
          "8e95d6c8-7694-4cdd-be7d-a85edeac4311"
        ],
        "executive_id": "019c664f-675e-414e-95c2-d9980bd58c1c",
        "pipeline_status": "not_created",
        "provenance": "external",
        "rank_position": 3,
        "rank_score": 110.0,
        "review_status": "new",
        "title": "Chief Operating Officer",
        "verification_status": "unverified"
      }
    ]
  },
  "merge_decisions": [],
  "run_id": "83f33ab6-c3d3-4d1a-ba4c-b935c6a6a3b8",
  "tenant_id": "860500aa-0076-4210-a16b-53eef8e3ffb7"
}