{
  "accept_prospect_id": "dd6ec8a2-628e-42f6-a248-702fe6bfb406",
  "acquire_extract": {
    "classify": {
      "count": 2,
      "duplicates": 0,
      "processed": 0,
      "skipped": 1,
      "sources": [],
      "updated": 0
    },
    "extract": {
      "accepted": 0,
      "count": 1,
      "flagged": 1,
      "processed": 1,
      "rejected": 0,
      "skipped": 0,
      "sources": [
        {
          "decision": "flag",
          "id": "559d411b-9c19-47b5-903f-e0fa4c042485",
          "reason_codes": [
            "FLAG_THIN_CONTENT"
          ],
          "word_count": 11
        }
      ]
    },
    "fetch": {
      "details": [],
      "failed": 0,
      "fetched": 0,
      "force": true,
      "limited": false,
      "next_retry_at": null,
      "pending_recheck": false,
      "pending_recheck_next_retry_at": null,
      "processed": 0,
      "retry_backoff_seconds": null,
      "retry_scheduled": false,
      "selected": 0,
      "skipped": true,
      "terminal_failures": 0
    },
    "inputs": {
      "force": true,
      "max_urls": 10
    },
    "process": {
      "companies_existing": 0,
      "companies_found": 2,
      "companies_new": 2,
      "processed": 1,
      "sources_detail": [
        {
          "chars": 85,
          "deduped_to": null,
          "error": null,
          "existing": 0,
          "extracted": 2,
          "extraction_method": null,
          "lines": 2,
          "new": 2,
          "source_id": "559d411b-9c19-47b5-903f-e0fa4c042485",
          "status": null,
          "title": "golden-manual-list"
        }
      ]
    },
    "run_id": "8039c823-f280-4125-8ccc-688063dd890c",
    "source_ids_touched": [
      "559d411b-9c19-47b5-903f-e0fa4c042485"
    ],
    "status": "ok"
  },
  "evidence_bundle": {
    "sha256": "bb3396b79c3790f9563ad6749d1c5d188003e76baae30a79ccfb1b958efe2cc3",
    "size_bytes": 2807
  },
  "exec_discovery_result": {
    "combined": {
      "total_execs_added": 3,
      "total_execs_updated": 1
    },
    "compare": {
      "external_only_count": 1,
      "internal_only_count": 1,
      "matched_count": 0
    },
    "eligible_company_count": 1,
    "external": {
      "eligible_company_count": 1,
      "enrichment_record_id": "34598c47-a0ae-4c0c-85e9-73853003bc1c",
      "execs_added": 1,
      "execs_updated": 1,
      "processed_company_count": 1,
      "ran": true,
      "skipped_reason": null,
      "source_document_ids": [
        "f1de874d-0093-4eeb-b9d8-d8f30a776283",
        "d05008fa-3741-46f2-8a43-f986b0dfc45b"
      ]
    },
    "internal": {
      "eligible_company_count": 1,
      "enrichment_record_id": "b3bc1f07-9cd5-4a26-b6cd-143d9851910a",
      "execs_added": 2,
      "execs_updated": 0,
      "processed_company_count": 1,
      "ran": true,
      "skipped_reason": null,
      "source_document_ids": [
        "8a89eb75-2af4-4430-8055-ad8930194ed3",
        "366aaaed-76d8-4cb4-af62-0687df66a1fd"
      ]
    },
    "mode": "both",
    "run_id": "8039c823-f280-4125-8ccc-688063dd890c",
    "tenant_id": "5f5b7b6b-2058-49a2-8550-82b5573c191a"
  },
  "executive_count": 3,
  "export_pack": {
    "sha256": "41a340b4e3dfb75aa7cd3e2af2c8bc4f50f02d52da8fd14ddc95f68f7a54709b",
    "size_bytes": 5209
  },
  "hold_prospect_id": "115f16ce-ac70-4a8d-a94f-3d06990e89e9",
  "prospects_ranked": [
    {
      "computed_score": 0.91,
      "discovered_by": "proof_fixture",
      "evidence_score": 0.0,
      "exec_search_enabled": false,
      "hq_country": "US",
      "id": "dd6ec8a2-628e-42f6-a248-702fe6bfb406",
      "is_pinned": false,
      "manual_priority": null,
      "name_normalized": "atlas proof",
      "normalized_company_id": null,
      "relevance_score": 0.91,
      "review_status": "new",
      "score_components": {
        "ai_relevance": 0.91
      },
      "sector": "software",
      "subsector": "automation",
      "verification_status": "unverified",
      "website_url": "https://atlas-proof.example.com",
      "why_included": []
    },
    {
      "computed_score": 0.87,
      "discovered_by": "proof_fixture",
      "evidence_score": 0.0,
      "exec_search_enabled": false,
      "hq_country": "US",
      "id": "115f16ce-ac70-4a8d-a94f-3d06990e89e9",
      "is_pinned": false,
      "manual_priority": null,
      "name_normalized": "beacon trial systems",
      "normalized_company_id": null,
      "relevance_score": 0.87,
      "review_status": "new",
      "score_components": {
        "ai_relevance": 0.87
      },
      "sector": "software",
      "subsector": "data",
      "verification_status": "unverified",
      "website_url": "https://beacon-trial.example.com",
      "why_included": []
    },
    {
      "computed_score": 0.6,
      "discovered_by": "internal",
      "evidence_score": 0.5,
      "exec_search_enabled": false,
      "hq_country": null,
      "id": "b75e0d8b-783b-4c27-954a-745db5842386",
      "is_pinned": false,
      "manual_priority": null,
      "name_normalized": "atlas proof holdings - automation signals",
      "normalized_company_id": null,
      "relevance_score": 0.5,
      "review_status": "new",
      "score_components": {
        "ai_relevance": 0.5,
        "evidence_score": 0.1
      },
      "sector": "software",
      "subsector": null,
      "verification_status": "unverified",
      "website_url": null,
      "why_included": []
    },
    {
      "computed_score": 0.6,
      "discovered_by": "internal",
      "evidence_score": 0.5,
      "exec_search_enabled": false,
      "hq_country": null,
      "id": "4b823e10-492a-4562-abf4-00c8b794b1ff",
      "is_pinned": false,
      "manual_priority": null,
      "name_normalized": "beacon trial systems - data quality tooling",
      "normalized_company_id": null,
      "relevance_score": 0.5,
      "review_status": "new",
      "score_components": {
        "ai_relevance": 0.5,
        "evidence_score": 0.1
      },
      "sector": "software",
      "subsector": null,
      "verification_status": "unverified",
      "website_url": null,
      "why_included": []
    }
  ],
  "run_id": "8039c823-f280-4125-8ccc-688063dd890c",
  "sources": {
    "manual_list_source_id": "559d411b-9c19-47b5-903f-e0fa4c042485"
  },
  "tenant_id": "5f5b7b6b-2058-49a2-8550-82b5573c191a"
}
