{
  "audit_summary": {
    "companies_accepted": 1,
    "companies_hold": 0,
    "companies_rejected": 0,
    "companies_total": 1,
    "events": [],
    "exec_accepted": 0,
    "exec_hold": 0,
    "exec_rejected": 0,
    "executives_total": 0,
    "pipeline_created_count": 0
  },
  "canonical_executives": [],
  "companies": [
    {
      "canonical_company_id": "12ba2658-94bc-47bb-a602-5eee2e0f968b",
      "company_prospect_id": "0b478400-a379-4f93-b76a-5272e737f24c",
      "discovered_by": "internal",
      "evidence_source_document_ids": [],
      "exec_search_enabled": true,
      "name": "delta exec proof",
      "rank_position": 1,
      "rank_score": 1.1,
      "review_status": "accepted",
      "verification_status": "partial",
      "why_ranked_reason_codes": []
    }
  ],
  "executive_resolutions": [],
  "executives_by_company": {},
  "merge_decisions": [],
  "run_id": "fec61161-bf80-4b84-9b28-5de5acf25d33",
  "tenant_id": "e33214cc-7d12-4350-ab1d-9b1b824e24cb"
}