[
  {
    "assignment_id": "a5232657-fe43-477b-86f0-ee163828272e",
    "assignment_status": "sourced",
    "candidate_id": "6555f7ab-c529-4d40-9773-a05b69cee0a2",
    "canonical_executive_id": "36680815-d0c0-4bc7-8701-976a527b1c23",
    "company_prospect_id": "44625421-5bd9-4649-a217-aed57d5d1864",
    "component_size": 2,
    "display_name": "helio labs cfo",
    "member_executive_ids": [
      "36680815-d0c0-4bc7-8701-976a527b1c23",
      "3943b5e5-edb0-4c3e-962f-5165f449d8a1"
    ],
    "members": [
      {
        "discovered_by": "both",
        "executive_id": "36680815-d0c0-4bc7-8701-976a527b1c23",
        "resolution_sources": [
          "merge_decision"
        ],
        "review_status": "accepted",
        "verification_status": "unverified"
      },
      {
        "discovered_by": "both",
        "executive_id": "3943b5e5-edb0-4c3e-962f-5165f449d8a1",
        "resolution_sources": [
          "merge_decision"
        ],
        "review_status": "new",
        "verification_status": "unverified"
      }
    ],
    "pipeline_stage_id": "c1111406-3a80-4a41-821a-44a4ded9dfb1",
    "pipeline_stage_name": "Sourced",
    "provenance": "both",
    "resolution_sources": [
      "merge_decision"
    ],
    "review_status": "accepted",
    "role_id": "45a00716-0fec-4de7-9ccf-26f14eb5f5fb",
    "title": "Chief Financial Officer",
    "verification_status": "unverified"
  },
  {
    "canonical_executive_id": "692de0d3-ef5d-4b7c-9711-cd9d39debbad",
    "company_prospect_id": "44625421-5bd9-4649-a217-aed57d5d1864",
    "component_size": 1,
    "display_name": "helio labs ceo",
    "member_executive_ids": [
      "692de0d3-ef5d-4b7c-9711-cd9d39debbad"
    ],
    "members": [
      {
        "discovered_by": "both",
        "executive_id": "692de0d3-ef5d-4b7c-9711-cd9d39debbad",
        "resolution_sources": [
          "self"
        ],
        "review_status": "new",
        "verification_status": "unverified"
      }
    ],
    "provenance": "both",
    "resolution_sources": [
      "self"
    ],
    "review_status": "new",
    "title": "Chief Executive Officer",
    "verification_status": "unverified"
  }
]