[
  {
    "canonical_executive_id": "36680815-d0c0-4bc7-8701-976a527b1c23",
    "component_member_ids": [
      "36680815-d0c0-4bc7-8701-976a527b1c23",
      "3943b5e5-edb0-4c3e-962f-5165f449d8a1"
    ],
    "component_size": 2,
    "discovered_by": "both",
    "executive_id": "36680815-d0c0-4bc7-8701-976a527b1c23",
    "resolution_sources": [
      "merge_decision"
    ],
    "review_status": "accepted",
    "verification_status": "unverified"
  },
  {
    "canonical_executive_id": "36680815-d0c0-4bc7-8701-976a527b1c23",
    "component_member_ids": [
      "36680815-d0c0-4bc7-8701-976a527b1c23",
      "3943b5e5-edb0-4c3e-962f-5165f449d8a1"
    ],
    "component_size": 2,
    "discovered_by": "both",
    "executive_id": "3943b5e5-edb0-4c3e-962f-5165f449d8a1",
    "resolution_sources": [
      "merge_decision"
    ],
    "review_status": "new",
    "verification_status": "unverified"
  },
  {
    "canonical_executive_id": "692de0d3-ef5d-4b7c-9711-cd9d39debbad",
    "component_member_ids": [
      "692de0d3-ef5d-4b7c-9711-cd9d39debbad"
    ],
    "component_size": 1,
    "discovered_by": "both",
    "executive_id": "692de0d3-ef5d-4b7c-9711-cd9d39debbad",
    "resolution_sources": [
      "self"
    ],
    "review_status": "new",
    "verification_status": "unverified"
  }
]