[
  {
    "action": "mark_same",
    "canonical_executive_id": "36680815-d0c0-4bc7-8701-976a527b1c23",
    "company_prospect_id": "44625421-5bd9-4649-a217-aed57d5d1864",
    "decided_by": "proof@example.com",
    "decision_id": "279f1136-5da6-47cb-b451-38c8494c2000",
    "evidence_enrichment_ids": [],
    "evidence_source_document_ids": [],
    "left_canonical_executive_id": "36680815-d0c0-4bc7-8701-976a527b1c23",
    "left_executive_id": "36680815-d0c0-4bc7-8701-976a527b1c23",
    "right_canonical_executive_id": "36680815-d0c0-4bc7-8701-976a527b1c23",
    "right_executive_id": "3943b5e5-edb0-4c3e-962f-5165f449d8a1"
  },
  {
    "action": "keep_separate",
    "company_prospect_id": "44625421-5bd9-4649-a217-aed57d5d1864",
    "decided_by": "proof@example.com",
    "decision_id": "eaba6563-2306-491a-b858-933e51ea9386",
    "evidence_enrichment_ids": [],
    "evidence_source_document_ids": [],
    "left_canonical_executive_id": "36680815-d0c0-4bc7-8701-976a527b1c23",
    "left_executive_id": "36680815-d0c0-4bc7-8701-976a527b1c23",
    "right_canonical_executive_id": "692de0d3-ef5d-4b7c-9711-cd9d39debbad",
    "right_executive_id": "692de0d3-ef5d-4b7c-9711-cd9d39debbad"
  }
]