{
  "audit_summary": {
    "companies_accepted": 1,
    "companies_hold": 0,
    "companies_rejected": 0,
    "companies_total": 2,
    "events": [],
    "exec_accepted": 1,
    "exec_hold": 0,
    "exec_rejected": 0,
    "executives_total": 3,
    "pipeline_created_count": 1
  },
  "canonical_executives": [
    {
      "assignment_id": "a5232657-fe43-477b-86f0-ee163828272e",
      "assignment_status": "sourced",
      "candidate_id": "6555f7ab-c529-4d40-9773-a05b69cee0a2",
      "canonical_executive_id": "36680815-d0c0-4bc7-8701-976a527b1c23",
      "company_prospect_id": "44625421-5bd9-4649-a217-aed57d5d1864",
      "component_size": 2,
      "display_name": "helio labs cfo",
      "member_executive_ids": [
        "36680815-d0c0-4bc7-8701-976a527b1c23",
        "3943b5e5-edb0-4c3e-962f-5165f449d8a1"
      ],
      "members": [
        {
          "discovered_by": "both",
          "executive_id": "36680815-d0c0-4bc7-8701-976a527b1c23",
          "resolution_sources": [
            "merge_decision"
          ],
          "review_status": "accepted",
          "verification_status": "unverified"
        },
        {
          "discovered_by": "both",
          "executive_id": "3943b5e5-edb0-4c3e-962f-5165f449d8a1",
          "resolution_sources": [
            "merge_decision"
          ],
          "review_status": "new",
          "verification_status": "unverified"
        }
      ],
      "pipeline_stage_id": "c1111406-3a80-4a41-821a-44a4ded9dfb1",
      "pipeline_stage_name": "Sourced",
      "provenance": "both",
      "resolution_sources": [
        "merge_decision"
      ],
      "review_status": "accepted",
      "role_id": "45a00716-0fec-4de7-9ccf-26f14eb5f5fb",
      "title": "Chief Financial Officer",
      "verification_status": "unverified"
    },
    {
      "canonical_executive_id": "692de0d3-ef5d-4b7c-9711-cd9d39debbad",
      "company_prospect_id": "44625421-5bd9-4649-a217-aed57d5d1864",
      "component_size": 1,
      "display_name": "helio labs ceo",
      "member_executive_ids": [
        "692de0d3-ef5d-4b7c-9711-cd9d39debbad"
      ],
      "members": [
        {
          "discovered_by": "both",
          "executive_id": "692de0d3-ef5d-4b7c-9711-cd9d39debbad",
          "resolution_sources": [
            "self"
          ],
          "review_status": "new",
          "verification_status": "unverified"
        }
      ],
      "provenance": "both",
      "resolution_sources": [
        "self"
      ],
      "review_status": "new",
      "title": "Chief Executive Officer",
      "verification_status": "unverified"
    }
  ],
  "companies": [
    {
      "company_prospect_id": "46890531-866c-4167-b28d-e0c5f16c4024",
      "discovered_by": "seed_list",
      "evidence_source_document_ids": [
        "8ddb0e0d-6790-47da-b15a-76aadcd3a3a7"
      ],
      "exec_search_enabled": false,
      "name": "atlas robotics",
      "rank_position": 1,
      "rank_score": 0.0,
      "review_status": "new",
      "verification_status": "unverified",
      "why_ranked_reason_codes": []
    },
    {
      "company_prospect_id": "44625421-5bd9-4649-a217-aed57d5d1864",
      "discovered_by": "seed_list",
      "evidence_source_document_ids": [
        "8ddb0e0d-6790-47da-b15a-76aadcd3a3a7"
      ],
      "exec_search_enabled": true,
      "name": "helio labs",
      "rank_position": 2,
      "rank_score": 0.0,
      "review_status": "accepted",
      "verification_status": "unverified",
      "why_ranked_reason_codes": []
    }
  ],
  "executive_resolutions": [
    {
      "canonical_executive_id": "36680815-d0c0-4bc7-8701-976a527b1c23",
      "component_member_ids": [
        "36680815-d0c0-4bc7-8701-976a527b1c23",
        "3943b5e5-edb0-4c3e-962f-5165f449d8a1"
      ],
      "component_size": 2,
      "discovered_by": "both",
      "executive_id": "36680815-d0c0-4bc7-8701-976a527b1c23",
      "resolution_sources": [
        "merge_decision"
      ],
      "review_status": "accepted",
      "verification_status": "unverified"
    },
    {
      "canonical_executive_id": "36680815-d0c0-4bc7-8701-976a527b1c23",
      "component_member_ids": [
        "36680815-d0c0-4bc7-8701-976a527b1c23",
        "3943b5e5-edb0-4c3e-962f-5165f449d8a1"
      ],
      "component_size": 2,
      "discovered_by": "both",
      "executive_id": "3943b5e5-edb0-4c3e-962f-5165f449d8a1",
      "resolution_sources": [
        "merge_decision"
      ],
      "review_status": "new",
      "verification_status": "unverified"
    },
    {
      "canonical_executive_id": "692de0d3-ef5d-4b7c-9711-cd9d39debbad",
      "component_member_ids": [
        "692de0d3-ef5d-4b7c-9711-cd9d39debbad"
      ],
      "component_size": 1,
      "discovered_by": "both",
      "executive_id": "692de0d3-ef5d-4b7c-9711-cd9d39debbad",
      "resolution_sources": [
        "self"
      ],
      "review_status": "new",
      "verification_status": "unverified"
    }
  ],
  "executives_by_company": {
    "44625421-5bd9-4649-a217-aed57d5d1864": [
      {
        "company_prospect_id": "44625421-5bd9-4649-a217-aed57d5d1864",
        "display_name": "helio labs ceo",
        "evidence_source_document_ids": [
          "2e1efacf-04a6-4b0d-9f5f-db41b4290094",
          "87ccae59-aa39-4e5e-92bb-bc3d4432a568"
        ],
        "executive_id": "692de0d3-ef5d-4b7c-9711-cd9d39debbad",
        "pipeline_status": "not_created",
        "provenance": "both",
        "rank_position": 1,
        "rank_score": 220.0,
        "review_status": "new",
        "title": "Chief Executive Officer",
        "verification_status": "unverified"
      },
      {
        "assignment_id": "a5232657-fe43-477b-86f0-ee163828272e",
        "assignment_status": "sourced",
        "candidate_id": "6555f7ab-c529-4d40-9773-a05b69cee0a2",
        "company_prospect_id": "44625421-5bd9-4649-a217-aed57d5d1864",
        "display_name": "helio labs cfo",
        "evidence_source_document_ids": [
          "87ccae59-aa39-4e5e-92bb-bc3d4432a568"
        ],
        "executive_id": "36680815-d0c0-4bc7-8701-976a527b1c23",
        "pipeline_stage_id": "c1111406-3a80-4a41-821a-44a4ded9dfb1",
        "pipeline_stage_name": "Sourced",
        "pipeline_status": "created",
        "provenance": "both",
        "rank_position": 2,
        "rank_score": 210.0,
        "review_status": "accepted",
        "role_id": "45a00716-0fec-4de7-9ccf-26f14eb5f5fb",
        "title": "Chief Financial Officer",
        "verification_status": "unverified"
      },
      {
        "company_prospect_id": "44625421-5bd9-4649-a217-aed57d5d1864",
        "display_name": "helio labs coo",
        "evidence_source_document_ids": [
          "2e1efacf-04a6-4b0d-9f5f-db41b4290094"
        ],
        "executive_id": "3943b5e5-edb0-4c3e-962f-5165f449d8a1",
        "pipeline_status": "not_created",
        "provenance": "both",
        "rank_position": 3,
        "rank_score": 210.0,
        "review_status": "new",
        "title": "Chief Operating Officer",
        "verification_status": "unverified"
      }
    ]
  },
  "merge_decisions": [
    {
      "action": "mark_same",
      "canonical_executive_id": "36680815-d0c0-4bc7-8701-976a527b1c23",
      "company_prospect_id": "44625421-5bd9-4649-a217-aed57d5d1864",
      "decided_by": "proof@example.com",
      "decision_id": "279f1136-5da6-47cb-b451-38c8494c2000",
      "evidence_enrichment_ids": [],
      "evidence_source_document_ids": [],
      "left_canonical_executive_id": "36680815-d0c0-4bc7-8701-976a527b1c23",
      "left_executive_id": "36680815-d0c0-4bc7-8701-976a527b1c23",
      "right_canonical_executive_id": "36680815-d0c0-4bc7-8701-976a527b1c23",
      "right_executive_id": "3943b5e5-edb0-4c3e-962f-5165f449d8a1"
    },
    {
      "action": "keep_separate",
      "company_prospect_id": "44625421-5bd9-4649-a217-aed57d5d1864",
      "decided_by": "proof@example.com",
      "decision_id": "eaba6563-2306-491a-b858-933e51ea9386",
      "evidence_enrichment_ids": [],
      "evidence_source_document_ids": [],
      "left_canonical_executive_id": "36680815-d0c0-4bc7-8701-976a527b1c23",
      "left_executive_id": "36680815-d0c0-4bc7-8701-976a527b1c23",
      "right_canonical_executive_id": "692de0d3-ef5d-4b7c-9711-cd9d39debbad",
      "right_executive_id": "692de0d3-ef5d-4b7c-9711-cd9d39debbad"
    }
  ],
  "run_id": "895edc2f-4449-4152-a28f-6c57f87ba856",
  "tenant_id": "860500aa-0076-4210-a16b-53eef8e3ffb7"
}