{
  "classify": {
    "count": 4,
    "duplicates": 1,
    "processed": 2,
    "skipped": 0,
    "sources": [
      {
        "decision": "accept",
        "duplicate": false,
        "group": "49b8654172631f2f1a64be53b3207e6249c480b8d1cca44fea2d246c69778913",
        "id": "7d207e69-b378-4542-8f63-de4cda0ac0e0",
        "primary": "7d207e69-b378-4542-8f63-de4cda0ac0e0"
      },
      {
        "decision": "flag",
        "duplicate": true,
        "group": "49b8654172631f2f1a64be53b3207e6249c480b8d1cca44fea2d246c69778913",
        "id": "020cab20-01f0-4f5d-b6f1-26d74c132df6",
        "primary": "7d207e69-b378-4542-8f63-de4cda0ac0e0"
      }
    ],
    "updated": 2
  },
  "extract": {
    "accepted": 2,
    "count": 4,
    "flagged": 1,
    "processed": 4,
    "rejected": 1,
    "skipped": 0,
    "sources": [
      {
        "decision": "accept",
        "id": "020cab20-01f0-4f5d-b6f1-26d74c132df6",
        "reason_codes": [],
        "word_count": 402
      },
      {
        "decision": "accept",
        "id": "7d207e69-b378-4542-8f63-de4cda0ac0e0",
        "reason_codes": [],
        "word_count": 416
      },
      {
        "decision": "reject",
        "id": "f2ce5e16-5f0e-448a-b9df-f9b85ac6c185",
        "reason_codes": [
          "REJECT_EXTREME_THIN"
        ],
        "word_count": 1
      },
      {
        "decision": "flag",
        "id": "ab3a5fcf-8de8-47e3-82ab-6166db8ebb97",
        "reason_codes": [
          "FLAG_PAYWALL_OR_LOGIN",
          "FLAG_THIN_CONTENT"
        ],
        "word_count": 10
      }
    ]
  },
  "fetch": {
    "details": [
      {
        "attempt": 1,
        "error": null,
        "meta": {
          "attempt": 1,
          "canonical_source_id": "020cab20-01f0-4f5d-b6f1-26d74c132df6",
          "canonical_url": "http://127.0.0.1:8897/content_html",
          "deduped": false,
          "extraction_method": "generic_html",
          "http": {
            "bytes_read": 3073,
            "canonical_final_url": "http://127.0.0.1:8897/content_html",
            "content_length": "3073",
            "content_type": "text/html",
            "final_url": "http://127.0.0.1:8897/content_html",
            "headers": {
              "content-length": "3073",
              "content-type": "text/html",
              "date": "Thu, 08 Jan 2026 05:51:53 GMT",
              "server": "Phase4_13Fixture/1.0 Python/3.11.9"
            },
            "status_code": 200
          },
          "items_found": 0,
          "max_attempts": 3
        },
        "next_retry_at": null,
        "source_id": "020cab20-01f0-4f5d-b6f1-26d74c132df6",
        "status": "fetched",
        "url": "http://127.0.0.1:8897/content_html"
      },
      {
        "attempt": 1,
        "error": null,
        "meta": {
          "attempt": 1,
          "canonical_source_id": "7d207e69-b378-4542-8f63-de4cda0ac0e0",
          "canonical_url": "http://127.0.0.1:8897/content_html_variant",
          "deduped": false,
          "extraction_method": "generic_html",
          "http": {
            "bytes_read": 3161,
            "canonical_final_url": "http://127.0.0.1:8897/content_html_variant",
            "content_length": "3161",
            "content_type": "text/html",
            "final_url": "http://127.0.0.1:8897/content_html_variant",
            "headers": {
              "content-length": "3161",
              "content-type": "text/html",
              "date": "Thu, 08 Jan 2026 05:51:54 GMT",
              "server": "Phase4_13Fixture/1.0 Python/3.11.9"
            },
            "status_code": 200
          },
          "items_found": 0,
          "max_attempts": 3
        },
        "next_retry_at": null,
        "source_id": "7d207e69-b378-4542-8f63-de4cda0ac0e0",
        "status": "fetched",
        "url": "http://127.0.0.1:8897/content_html_variant"
      },
      {
        "attempt": 1,
        "error": null,
        "meta": {
          "attempt": 1,
          "canonical_source_id": "f2ce5e16-5f0e-448a-b9df-f9b85ac6c185",
          "canonical_url": "http://127.0.0.1:8897/thin_html",
          "deduped": false,
          "extraction_method": "generic_html",
          "http": {
            "bytes_read": 35,
            "canonical_final_url": "http://127.0.0.1:8897/thin_html",
            "content_length": "35",
            "content_type": "text/html",
            "final_url": "http://127.0.0.1:8897/thin_html",
            "headers": {
              "content-length": "35",
              "content-type": "text/html",
              "date": "Thu, 08 Jan 2026 05:51:54 GMT",
              "server": "Phase4_13Fixture/1.0 Python/3.11.9"
            },
            "status_code": 200
          },
          "items_found": 0,
          "max_attempts": 3
        },
        "next_retry_at": null,
        "source_id": "f2ce5e16-5f0e-448a-b9df-f9b85ac6c185",
        "status": "fetched",
        "url": "http://127.0.0.1:8897/thin_html"
      },
      {
        "attempt": 1,
        "error": null,
        "meta": {
          "attempt": 1,
          "canonical_source_id": "ab3a5fcf-8de8-47e3-82ab-6166db8ebb97",
          "canonical_url": "http://127.0.0.1:8897/login_html",
          "deduped": false,
          "extraction_method": "generic_html",
          "http": {
            "bytes_read": 110,
            "canonical_final_url": "http://127.0.0.1:8897/login_html",
            "content_length": "110",
            "content_type": "text/html",
            "final_url": "http://127.0.0.1:8897/login_html",
            "headers": {
              "content-length": "110",
              "content-type": "text/html",
              "date": "Thu, 08 Jan 2026 05:51:54 GMT",
              "server": "Phase4_13Fixture/1.0 Python/3.11.9"
            },
            "status_code": 200
          },
          "items_found": 0,
          "max_attempts": 3
        },
        "next_retry_at": null,
        "source_id": "ab3a5fcf-8de8-47e3-82ab-6166db8ebb97",
        "status": "fetched",
        "url": "http://127.0.0.1:8897/login_html"
      }
    ],
    "failed": 0,
    "fetched": 4,
    "force": false,
    "limited": false,
    "next_retry_at": null,
    "pending_recheck": false,
    "pending_recheck_next_retry_at": null,
    "processed": 4,
    "retry_backoff_seconds": null,
    "retry_scheduled": false,
    "selected": 4,
    "skipped": false,
    "terminal_failures": 0
  },
  "inputs": {
    "force": false,
    "max_urls": 4
  },
  "process": {
    "companies_existing": 1,
    "companies_found": 3,
    "companies_new": 2,
    "processed": 4,
    "sources_detail": [
      {
        "chars": 3005,
        "deduped_to": null,
        "error": null,
        "existing": 0,
        "extracted": 1,
        "extraction_method": null,
        "lines": 3,
        "new": 1,
        "source_id": "020cab20-01f0-4f5d-b6f1-26d74c132df6",
        "status": null,
        "title": "content_html"
      },
      {
        "chars": 3093,
        "deduped_to": null,
        "error": null,
        "existing": 1,
        "extracted": 1,
        "extraction_method": null,
        "lines": 3,
        "new": 0,
        "source_id": "7d207e69-b378-4542-8f63-de4cda0ac0e0",
        "status": null,
        "title": "content_html_variant"
      },
      {
        "chars": 2,
        "deduped_to": null,
        "error": null,
        "existing": 0,
        "extracted": 0,
        "extraction_method": null,
        "lines": 1,
        "new": 0,
        "source_id": "f2ce5e16-5f0e-448a-b9df-f9b85ac6c185",
        "status": null,
        "title": "thin_html"
      },
      {
        "chars": 57,
        "deduped_to": null,
        "error": null,
        "existing": 0,
        "extracted": 1,
        "extraction_method": null,
        "lines": 2,
        "new": 1,
        "source_id": "ab3a5fcf-8de8-47e3-82ab-6166db8ebb97",
        "status": null,
        "title": "login_html"
      }
    ]
  },
  "run_id": "421f6bd3-9360-461d-b7df-5741c55bffe9",
  "source_ids_touched": [
    "020cab20-01f0-4f5d-b6f1-26d74c132df6",
    "7d207e69-b378-4542-8f63-de4cda0ac0e0",
    "ab3a5fcf-8de8-47e3-82ab-6166db8ebb97",
    "f2ce5e16-5f0e-448a-b9df-f9b85ac6c185"
  ],
  "status": "ok"
}