{
  "openapi_status": 200,
  "endpoints_present": [
    "list",
    "detail",
    "links"
  ],
  "seed": {
    "run_id": "cb64fb87-730e-4afa-85ee-3aee5ac28724",
    "source_id": "d63ee481-41b9-4197-b9b3-7ebd4e720caa",
    "prospect_id": "2d89ffed-c6a6-49c9-bad5-6af18a2d7fe4",
    "canonical_id": "f1537fee-477d-4e09-8181-4b9d9a0fab56",
    "resolver_summary": {
      "companies_scanned": 1,
      "canonical_companies_created": 1,
      "canonical_companies_matched": 0,
      "canonical_company_links_created": 1,
      "canonical_company_links_existing": 1,
      "conflicts_skipped": 0,
      "evidence_missing_skipped": 0,
      "warnings_multi_evidence": 0,
      "multi_evidence_deterministic_choice": 0
    }
  },
  "list": [
    {
      "id": "f1537fee-477d-4e09-8181-4b9d9a0fab56",
      "tenant_id": "056380ac-601f-4871-8f75-e98e4c9712d4",
      "created_at": "2026-01-05T17:15:29.957034Z",
      "updated_at": "2026-01-05T17:15:29.957034Z",
      "canonical_name": "smokeco",
      "primary_domain": "phase63-smoke.example.com",
      "country_code": "US",
      "linked_entities_count": 1
    }
  ],
  "detail": {
    "id": "f1537fee-477d-4e09-8181-4b9d9a0fab56",
    "tenant_id": "056380ac-601f-4871-8f75-e98e4c9712d4",
    "created_at": "2026-01-05T17:15:29.957034Z",
    "updated_at": "2026-01-05T17:15:29.957034Z",
    "canonical_name": "smokeco",
    "primary_domain": "phase63-smoke.example.com",
    "country_code": "US",
    "domains": [
      {
        "id": "5c866842-f48c-48da-98df-457c3c8d4250",
        "tenant_id": "056380ac-601f-4871-8f75-e98e4c9712d4",
        "created_at": "2026-01-05T17:15:29.957034Z",
        "updated_at": "2026-01-05T17:15:29.957034Z",
        "canonical_company_id": "f1537fee-477d-4e09-8181-4b9d9a0fab56",
        "domain_normalized": "phase63-smoke.example.com"
      }
    ],
    "links": [
      {
        "id": "0cc81588-c0b1-49a1-8acd-be35b9bfb042",
        "tenant_id": "056380ac-601f-4871-8f75-e98e4c9712d4",
        "created_at": "2026-01-05T17:15:29.957034Z",
        "updated_at": "2026-01-05T17:15:29.957034Z",
        "canonical_company_id": "f1537fee-477d-4e09-8181-4b9d9a0fab56",
        "company_entity_id": "2d89ffed-c6a6-49c9-bad5-6af18a2d7fe4",
        "match_rule": "domain",
        "evidence_source_document_id": "d63ee481-41b9-4197-b9b3-7ebd4e720caa",
        "evidence_company_research_run_id": "cb64fb87-730e-4afa-85ee-3aee5ac28724"
      }
    ]
  },
  "links": [
    {
      "id": "0cc81588-c0b1-49a1-8acd-be35b9bfb042",
      "tenant_id": "056380ac-601f-4871-8f75-e98e4c9712d4",
      "created_at": "2026-01-05T17:15:29.957034Z",
      "updated_at": "2026-01-05T17:15:29.957034Z",
      "canonical_company_id": "f1537fee-477d-4e09-8181-4b9d9a0fab56",
      "company_entity_id": "2d89ffed-c6a6-49c9-bad5-6af18a2d7fe4",
      "match_rule": "domain",
      "evidence_source_document_id": "d63ee481-41b9-4197-b9b3-7ebd4e720caa",
      "evidence_company_research_run_id": "cb64fb87-730e-4afa-85ee-3aee5ac28724"
    }
  ]
}
