{
  "review_status=accepted": [
    {
      "id": "8d85ac57-615e-4db9-99a3-4e4bff0715fa",
      "name_normalized": "alpha provenance",
      "normalized_company_id": "97fe611c-8be8-40e1-b449-aba6a910d68f",
      "website_url": "https://alpha-75.example.com",
      "hq_country": "US",
      "sector": "energy",
      "subsector": "solar",
      "relevance_score": 0.7,
      "evidence_score": 0.8,
      "is_pinned": false,
      "manual_priority": null,
      "review_status": "accepted",
      "discovered_by": "internal",
      "verification_status": "verified",
      "exec_search_enabled": true,
      "computed_score": 0.86,
      "score_components": {
        "ai_relevance": 0.7,
        "evidence_score": 0.16000000000000003
      },
      "why_included": []
    }
  ],
  "verification_status=partial": [
    {
      "id": "83ea4900-6865-4fc3-8332-ba70bc5a329d",
      "name_normalized": "beta provenance",
      "normalized_company_id": "f6fe3195-9bc1-462c-b3f6-4ca6a2cf25a9",
      "website_url": "https://beta-75.example.com",
      "hq_country": "CA",
      "sector": "fintech",
      "subsector": "payments",
      "relevance_score": 0.6,
      "evidence_score": 0.6,
      "is_pinned": false,
      "manual_priority": null,
      "review_status": "hold",
      "discovered_by": "external_llm",
      "verification_status": "partial",
      "exec_search_enabled": false,
      "computed_score": 0.72,
      "score_components": {
        "ai_relevance": 0.6,
        "evidence_score": 0.12
      },
      "why_included": []
    }
  ],
  "discovered_by=manual": [
    {
      "id": "ca00cb11-55c4-421c-8af0-6caed1a77ed8",
      "name_normalized": "gamma provenance",
      "normalized_company_id": "a7ea1475-8f00-4a3c-bf85-d0d6eb2a4d68",
      "website_url": "https://gamma-75.example.com",
      "hq_country": "GB",
      "sector": "manufacturing",
      "subsector": "components",
      "relevance_score": 0.4,
      "evidence_score": 0.2,
      "is_pinned": false,
      "manual_priority": null,
      "review_status": "rejected",
      "discovered_by": "manual",
      "verification_status": "unverified",
      "exec_search_enabled": true,
      "computed_score": 0.44000000000000006,
      "score_components": {
        "ai_relevance": 0.4,
        "evidence_score": 0.04000000000000001
      },
      "why_included": []
    }
  ],
  "exec_search_enabled=true&review_status=rejected": [
    {
      "id": "ca00cb11-55c4-421c-8af0-6caed1a77ed8",
      "name_normalized": "gamma provenance",
      "normalized_company_id": "a7ea1475-8f00-4a3c-bf85-d0d6eb2a4d68",
      "website_url": "https://gamma-75.example.com",
      "hq_country": "GB",
      "sector": "manufacturing",
      "subsector": "components",
      "relevance_score": 0.4,
      "evidence_score": 0.2,
      "is_pinned": false,
      "manual_priority": null,
      "review_status": "rejected",
      "discovered_by": "manual",
      "verification_status": "unverified",
      "exec_search_enabled": true,
      "computed_score": 0.44000000000000006,
      "score_components": {
        "ai_relevance": 0.4,
        "evidence_score": 0.04000000000000001
      },
      "why_included": []
    }
  ]
}