{
  "created_at": "2026-01-08T06:43:30.785362Z",
  "error_json": null,
  "finished_at": "2026-01-08T06:43:32.222430Z",
  "job_id": "f44fec72-1550-4bb4-8eb4-73c7f9210d66",
  "params_hash": "30da24cf95379b6dcb02f87f2488f9306969548a902e4f2362814de58908c407",
  "params_json": {
    "force": false,
    "max_urls": 4
  },
  "progress_json": {
    "classify": {
      "count": 4,
      "duplicates": 1,
      "processed": 2,
      "skipped": 0,
      "sources": [
        {
          "decision": "accept",
          "duplicate": false,
          "group": "49b8654172631f2f1a64be53b3207e6249c480b8d1cca44fea2d246c69778913",
          "id": "db2b5455-395c-4ed2-917e-76be3f78a7cd",
          "primary": "db2b5455-395c-4ed2-917e-76be3f78a7cd"
        },
        {
          "decision": "flag",
          "duplicate": true,
          "group": "49b8654172631f2f1a64be53b3207e6249c480b8d1cca44fea2d246c69778913",
          "id": "81235de7-bb83-4021-944b-1803a3efbf76",
          "primary": "db2b5455-395c-4ed2-917e-76be3f78a7cd"
        }
      ],
      "updated": 2
    },
    "extract": {
      "accepted": 2,
      "count": 4,
      "flagged": 1,
      "processed": 4,
      "rejected": 1,
      "skipped": 0,
      "sources": [
        {
          "decision": "accept",
          "id": "81235de7-bb83-4021-944b-1803a3efbf76",
          "reason_codes": [],
          "word_count": 402
        },
        {
          "decision": "accept",
          "id": "db2b5455-395c-4ed2-917e-76be3f78a7cd",
          "reason_codes": [],
          "word_count": 416
        },
        {
          "decision": "reject",
          "id": "1394e9d8-6a8b-47a6-a65e-8911d78b4fdd",
          "reason_codes": [
            "REJECT_EXTREME_THIN"
          ],
          "word_count": 1
        },
        {
          "decision": "flag",
          "id": "d96003eb-a71b-44d5-a1ec-f778ba4a62b7",
          "reason_codes": [
            "FLAG_PAYWALL_OR_LOGIN",
            "FLAG_THIN_CONTENT"
          ],
          "word_count": 10
        }
      ]
    },
    "fetch": {
      "details": [
        {
          "attempt": 1,
          "error": null,
          "meta": {
            "attempt": 1,
            "canonical_source_id": "81235de7-bb83-4021-944b-1803a3efbf76",
            "canonical_url": "http://127.0.0.1:8897/content_html",
            "deduped": false,
            "extraction_method": "generic_html",
            "http": {
              "bytes_read": 3073,
              "canonical_final_url": "http://127.0.0.1:8897/content_html",
              "content_length": "3073",
              "content_type": "text/html",
              "final_url": "http://127.0.0.1:8897/content_html",
              "headers": {
                "content-length": "3073",
                "content-type": "text/html",
                "date": "Thu, 08 Jan 2026 06:43:31 GMT",
                "server": "Phase4_13Fixture/1.0 Python/3.11.9"
              },
              "status_code": 200
            },
            "items_found": 0,
            "max_attempts": 3
          },
          "next_retry_at": null,
          "source_id": "81235de7-bb83-4021-944b-1803a3efbf76",
          "status": "fetched",
          "url": "http://127.0.0.1:8897/content_html"
        },
        {
          "attempt": 1,
          "error": null,
          "meta": {
            "attempt": 1,
            "canonical_source_id": "db2b5455-395c-4ed2-917e-76be3f78a7cd",
            "canonical_url": "http://127.0.0.1:8897/content_html_variant",
            "deduped": false,
            "extraction_method": "generic_html",
            "http": {
              "bytes_read": 3161,
              "canonical_final_url": "http://127.0.0.1:8897/content_html_variant",
              "content_length": "3161",
              "content_type": "text/html",
              "final_url": "http://127.0.0.1:8897/content_html_variant",
              "headers": {
                "content-length": "3161",
                "content-type": "text/html",
                "date": "Thu, 08 Jan 2026 06:43:31 GMT",
                "server": "Phase4_13Fixture/1.0 Python/3.11.9"
              },
              "status_code": 200
            },
            "items_found": 0,
            "max_attempts": 3
          },
          "next_retry_at": null,
          "source_id": "db2b5455-395c-4ed2-917e-76be3f78a7cd",
          "status": "fetched",
          "url": "http://127.0.0.1:8897/content_html_variant"
        },
        {
          "attempt": 1,
          "error": null,
          "meta": {
            "attempt": 1,
            "canonical_source_id": "1394e9d8-6a8b-47a6-a65e-8911d78b4fdd",
            "canonical_url": "http://127.0.0.1:8897/thin_html",
            "deduped": false,
            "extraction_method": "generic_html",
            "http": {
              "bytes_read": 35,
              "canonical_final_url": "http://127.0.0.1:8897/thin_html",
              "content_length": "35",
              "content_type": "text/html",
              "final_url": "http://127.0.0.1:8897/thin_html",
              "headers": {
                "content-length": "35",
                "content-type": "text/html",
                "date": "Thu, 08 Jan 2026 06:43:31 GMT",
                "server": "Phase4_13Fixture/1.0 Python/3.11.9"
              },
              "status_code": 200
            },
            "items_found": 0,
            "max_attempts": 3
          },
          "next_retry_at": null,
          "source_id": "1394e9d8-6a8b-47a6-a65e-8911d78b4fdd",
          "status": "fetched",
          "url": "http://127.0.0.1:8897/thin_html"
        },
        {
          "attempt": 1,
          "error": null,
          "meta": {
            "attempt": 1,
            "canonical_source_id": "d96003eb-a71b-44d5-a1ec-f778ba4a62b7",
            "canonical_url": "http://127.0.0.1:8897/login_html",
            "deduped": false,
            "extraction_method": "generic_html",
            "http": {
              "bytes_read": 110,
              "canonical_final_url": "http://127.0.0.1:8897/login_html",
              "content_length": "110",
              "content_type": "text/html",
              "final_url": "http://127.0.0.1:8897/login_html",
              "headers": {
                "content-length": "110",
                "content-type": "text/html",
                "date": "Thu, 08 Jan 2026 06:43:31 GMT",
                "server": "Phase4_13Fixture/1.0 Python/3.11.9"
              },
              "status_code": 200
            },
            "items_found": 0,
            "max_attempts": 3
          },
          "next_retry_at": null,
          "source_id": "d96003eb-a71b-44d5-a1ec-f778ba4a62b7",
          "status": "fetched",
          "url": "http://127.0.0.1:8897/login_html"
        }
      ],
      "failed": 0,
      "fetched": 4,
      "force": false,
      "limited": false,
      "next_retry_at": null,
      "pending_recheck": false,
      "pending_recheck_next_retry_at": null,
      "processed": 4,
      "retry_backoff_seconds": null,
      "retry_scheduled": false,
      "selected": 4,
      "skipped": false,
      "terminal_failures": 0
    },
    "inputs": {
      "force": false,
      "max_urls": 4
    },
    "process": {
      "companies_existing": 1,
      "companies_found": 3,
      "companies_new": 2,
      "processed": 4,
      "sources_detail": [
        {
          "chars": 3005,
          "existing": 0,
          "extracted": 1,
          "lines": 3,
          "new": 1,
          "source_id": "81235de7-bb83-4021-944b-1803a3efbf76",
          "title": "content_html"
        },
        {
          "chars": 3093,
          "existing": 1,
          "extracted": 1,
          "lines": 3,
          "new": 0,
          "source_id": "db2b5455-395c-4ed2-917e-76be3f78a7cd",
          "title": "content_html_variant"
        },
        {
          "chars": 2,
          "existing": 0,
          "extracted": 0,
          "lines": 1,
          "new": 0,
          "source_id": "1394e9d8-6a8b-47a6-a65e-8911d78b4fdd",
          "title": "thin_html"
        },
        {
          "chars": 57,
          "existing": 0,
          "extracted": 1,
          "lines": 2,
          "new": 1,
          "source_id": "d96003eb-a71b-44d5-a1ec-f778ba4a62b7",
          "title": "login_html"
        }
      ]
    },
    "source_ids_touched": [
      "1394e9d8-6a8b-47a6-a65e-8911d78b4fdd",
      "81235de7-bb83-4021-944b-1803a3efbf76",
      "d96003eb-a71b-44d5-a1ec-f778ba4a62b7",
      "db2b5455-395c-4ed2-917e-76be3f78a7cd"
    ],
    "status": "ok"
  },
  "run_id": "0afd50f0-05bc-4447-a307-b19826a6adbd",
  "started_at": "2026-01-08T06:43:30.835606Z",
  "status": "succeeded"
}