[
  {
    "attempt_count": 0,
    "canonical_final_url": null,
    "canonical_source_id": null,
    "company_research_run_id": "2e7d2b23-b031-4f4c-909b-9e3024110fe7",
    "content_hash": null,
    "content_size": null,
    "content_text": null,
    "created_at": "2026-01-08T09:26:20.817034Z",
    "error_message": null,
    "fetched_at": null,
    "file_name": null,
    "http_error_message": null,
    "http_final_url": null,
    "http_headers": null,
    "http_status_code": null,
    "id": "487568e6-82cb-43fb-ae3b-002f4285593e",
    "last_error": null,
    "max_attempts": 3,
    "meta": {
      "fetch_options": {
        "headers": null,
        "timeout_seconds": 30
      },
      "kind": "url",
      "submitted_via": "api"
    },
    "mime_type": null,
    "next_retry_at": null,
    "original_url": "http://127.0.0.1:8899/content_html",
    "source_type": "url",
    "status": "queued",
    "tenant_id": "860500aa-0076-4210-a16b-53eef8e3ffb7",
    "title": "content_html",
    "updated_at": "2026-01-08T09:26:20.817034Z",
    "url": "http://127.0.0.1:8899/content_html",
    "url_normalized": "http://127.0.0.1:8899/content_html"
  },
  {
    "attempt_count": 0,
    "canonical_final_url": null,
    "canonical_source_id": null,
    "company_research_run_id": "2e7d2b23-b031-4f4c-909b-9e3024110fe7",
    "content_hash": null,
    "content_size": null,
    "content_text": null,
    "created_at": "2026-01-08T09:26:20.891136Z",
    "error_message": null,
    "fetched_at": null,
    "file_name": null,
    "http_error_message": null,
    "http_final_url": null,
    "http_headers": null,
    "http_status_code": null,
    "id": "97b24b17-409f-41cb-a0a5-9238519b5605",
    "last_error": null,
    "max_attempts": 3,
    "meta": {
      "fetch_options": {
        "headers": null,
        "timeout_seconds": 30
      },
      "kind": "url",
      "submitted_via": "api"
    },
    "mime_type": null,
    "next_retry_at": null,
    "original_url": "http://127.0.0.1:8899/thin_html",
    "source_type": "url",
    "status": "queued",
    "tenant_id": "860500aa-0076-4210-a16b-53eef8e3ffb7",
    "title": "thin_html",
    "updated_at": "2026-01-08T09:26:20.891136Z",
    "url": "http://127.0.0.1:8899/thin_html",
    "url_normalized": "http://127.0.0.1:8899/thin_html"
  },
  {
    "attempt_count": 0,
    "canonical_final_url": null,
    "canonical_source_id": null,
    "company_research_run_id": "2e7d2b23-b031-4f4c-909b-9e3024110fe7",
    "content_hash": null,
    "content_size": null,
    "content_text": null,
    "created_at": "2026-01-08T09:26:20.923733Z",
    "error_message": null,
    "fetched_at": null,
    "file_name": null,
    "http_error_message": null,
    "http_final_url": null,
    "http_headers": null,
    "http_status_code": null,
    "id": "2f5e7a48-d8b3-4921-9c8d-1168990c9627",
    "last_error": null,
    "max_attempts": 3,
    "meta": {
      "fetch_options": {
        "headers": null,
        "timeout_seconds": 30
      },
      "kind": "url",
      "submitted_via": "api"
    },
    "mime_type": null,
    "next_retry_at": null,
    "original_url": "http://127.0.0.1:8899/login_html",
    "source_type": "url",
    "status": "queued",
    "tenant_id": "860500aa-0076-4210-a16b-53eef8e3ffb7",
    "title": "login_html",
    "updated_at": "2026-01-08T09:26:20.923733Z",
    "url": "http://127.0.0.1:8899/login_html",
    "url_normalized": "http://127.0.0.1:8899/login_html"
  }
]