{
  "created_at": "2026-01-08T06:43:32.284656Z",
  "error_json": null,
  "finished_at": "2026-01-08T06:43:32.592499Z",
  "job_id": "c7bc89a1-ba2d-46ed-8718-f0760f01d895",
  "params_hash": "d16b386f4a647e2b452198585f6bd8a165017b11e7db4d9db01b2870e8bf8de6",
  "params_json": {
    "force": true,
    "max_urls": 4
  },
  "progress_json": {
    "classify": {
      "count": 4,
      "duplicates": 1,
      "processed": 2,
      "skipped": 0,
      "sources": [
        {
          "decision": "accept",
          "duplicate": false,
          "group": "49b8654172631f2f1a64be53b3207e6249c480b8d1cca44fea2d246c69778913",
          "id": "db2b5455-395c-4ed2-917e-76be3f78a7cd",
          "primary": "db2b5455-395c-4ed2-917e-76be3f78a7cd"
        },
        {
          "decision": "flag",
          "duplicate": true,
          "group": "49b8654172631f2f1a64be53b3207e6249c480b8d1cca44fea2d246c69778913",
          "id": "81235de7-bb83-4021-944b-1803a3efbf76",
          "primary": "db2b5455-395c-4ed2-917e-76be3f78a7cd"
        }
      ],
      "updated": 2
    },
    "extract": {
      "accepted": 0,
      "count": 4,
      "flagged": 0,
      "processed": 0,
      "rejected": 0,
      "skipped": 4,
      "sources": [
        {
          "id": "81235de7-bb83-4021-944b-1803a3efbf76",
          "reason": "already_extracted",
          "status": "skipped"
        },
        {
          "id": "db2b5455-395c-4ed2-917e-76be3f78a7cd",
          "reason": "already_extracted",
          "status": "skipped"
        },
        {
          "id": "1394e9d8-6a8b-47a6-a65e-8911d78b4fdd",
          "reason": "already_extracted",
          "status": "skipped"
        },
        {
          "id": "d96003eb-a71b-44d5-a1ec-f778ba4a62b7",
          "reason": "already_extracted",
          "status": "skipped"
        }
      ]
    },
    "fetch": {
      "details": [
        {
          "attempt": 2,
          "error": null,
          "meta": {
            "attempt": 2,
            "canonical_url": "http://127.0.0.1:8897/content_html",
            "extraction_method": "cached",
            "items_found": 0,
            "max_attempts": 3
          },
          "next_retry_at": null,
          "source_id": "81235de7-bb83-4021-944b-1803a3efbf76",
          "status": "fetched",
          "url": "http://127.0.0.1:8897/content_html"
        },
        {
          "attempt": 2,
          "error": null,
          "meta": {
            "attempt": 2,
            "canonical_url": "http://127.0.0.1:8897/content_html_variant",
            "extraction_method": "cached",
            "items_found": 0,
            "max_attempts": 3
          },
          "next_retry_at": null,
          "source_id": "db2b5455-395c-4ed2-917e-76be3f78a7cd",
          "status": "fetched",
          "url": "http://127.0.0.1:8897/content_html_variant"
        },
        {
          "attempt": 2,
          "error": null,
          "meta": {
            "attempt": 2,
            "canonical_url": "http://127.0.0.1:8897/thin_html",
            "extraction_method": "cached",
            "items_found": 0,
            "max_attempts": 3
          },
          "next_retry_at": null,
          "source_id": "1394e9d8-6a8b-47a6-a65e-8911d78b4fdd",
          "status": "fetched",
          "url": "http://127.0.0.1:8897/thin_html"
        },
        {
          "attempt": 2,
          "error": null,
          "meta": {
            "attempt": 2,
            "canonical_url": "http://127.0.0.1:8897/login_html",
            "extraction_method": "cached",
            "items_found": 0,
            "max_attempts": 3
          },
          "next_retry_at": null,
          "source_id": "d96003eb-a71b-44d5-a1ec-f778ba4a62b7",
          "status": "fetched",
          "url": "http://127.0.0.1:8897/login_html"
        }
      ],
      "failed": 0,
      "fetched": 4,
      "force": true,
      "limited": false,
      "next_retry_at": null,
      "pending_recheck": false,
      "pending_recheck_next_retry_at": null,
      "processed": 4,
      "retry_backoff_seconds": null,
      "retry_scheduled": false,
      "selected": 4,
      "skipped": false,
      "terminal_failures": 0
    },
    "inputs": {
      "force": true,
      "max_urls": 4
    },
    "process": {
      "companies_existing": 0,
      "companies_found": 0,
      "companies_new": 0,
      "processed": 4,
      "sources_detail": [
        {
          "reason": "already_processed",
          "source_id": "81235de7-bb83-4021-944b-1803a3efbf76",
          "status": "skipped",
          "title": "content_html"
        },
        {
          "reason": "already_processed",
          "source_id": "db2b5455-395c-4ed2-917e-76be3f78a7cd",
          "status": "skipped",
          "title": "content_html_variant"
        },
        {
          "reason": "already_processed",
          "source_id": "1394e9d8-6a8b-47a6-a65e-8911d78b4fdd",
          "status": "skipped",
          "title": "thin_html"
        },
        {
          "reason": "already_processed",
          "source_id": "d96003eb-a71b-44d5-a1ec-f778ba4a62b7",
          "status": "skipped",
          "title": "login_html"
        }
      ]
    },
    "source_ids_touched": [
      "1394e9d8-6a8b-47a6-a65e-8911d78b4fdd",
      "81235de7-bb83-4021-944b-1803a3efbf76",
      "d96003eb-a71b-44d5-a1ec-f778ba4a62b7",
      "db2b5455-395c-4ed2-917e-76be3f78a7cd"
    ],
    "status": "ok"
  },
  "run_id": "0afd50f0-05bc-4447-a307-b19826a6adbd",
  "started_at": "2026-01-08T06:43:32.313963Z",
  "status": "succeeded"
}