[
  {
    "id": "8d924887-276e-47e1-ae6f-b5cfd78a2e96",
    "name_normalized": "alpha co",
    "normalized_company_id": "f65c3469-aa0e-4fcd-a85c-ebb28ed302dd",
    "website_url": "https://alpha-74.example.com",
    "hq_country": "RO",
    "sector": "renewable energy",
    "subsector": "solar battery",
    "relevance_score": 0.62,
    "evidence_score": 0.8,
    "is_pinned": false,
    "manual_priority": null,
    "computed_score": 0.9650000000000001,
    "score_components": {
      "ai_relevance": 0.62,
      "evidence_score": 0.16000000000000003,
      "ownership_signal": 0.08000000000000002,
      "industry_keywords_match": 0.105
    },
    "why_included": [
      {
        "field_key": "ownership_signal",
        "value": "public_company",
        "value_normalized": "public_company",
        "confidence": 0.8,
        "source_document_id": "dfa06f47-e4e3-4caf-8ff7-52a81aa59c30"
      },
      {
        "field_key": "industry_keywords",
        "value": [
          "renewable energy",
          "solar",
          "battery",
          "energy storage",
          "grid"
        ],
        "value_normalized": "renewable energy, solar, battery, energy storage, grid",
        "confidence": 0.7,
        "source_document_id": "dfa06f47-e4e3-4caf-8ff7-52a81aa59c30"
      }
    ]
  },
  {
    "id": "1545b0f3-8422-4fcb-9037-6a46ca0eec9d",
    "name_normalized": "beta fintech",
    "normalized_company_id": "479d3534-8472-4530-bc20-1db60d502987",
    "website_url": "https://beta-74.example.com",
    "hq_country": "IN",
    "sector": "fintech infrastructure",
    "subsector": "payments cloud",
    "relevance_score": 0.58,
    "evidence_score": 0.7,
    "is_pinned": false,
    "manual_priority": null,
    "computed_score": 0.905,
    "score_components": {
      "ai_relevance": 0.58,
      "evidence_score": 0.13999999999999999,
      "ownership_signal": 0.08000000000000002,
      "industry_keywords_match": 0.105
    },
    "why_included": [
      {
        "field_key": "ownership_signal",
        "value": "subsidiary",
        "value_normalized": "subsidiary",
        "confidence": 0.8,
        "source_document_id": "b6f7ce47-6fa7-428a-a069-e39238498e83"
      },
      {
        "field_key": "industry_keywords",
        "value": [
          "fintech",
          "payments",
          "cloud",
          "infrastructure"
        ],
        "value_normalized": "fintech, payments, cloud, infrastructure",
        "confidence": 0.7,
        "source_document_id": "b6f7ce47-6fa7-428a-a069-e39238498e83"
      }
    ]
  },
  {
    "id": "7d9c8fe1-681a-4311-b646-d3867bdbb339",
    "name_normalized": "gamma sparse",
    "normalized_company_id": "17f61889-5f00-46db-92a4-670af653e5ae",
    "website_url": "https://gamma-74.example.com",
    "hq_country": "CA",
    "sector": "generic",
    "subsector": "limited",
    "relevance_score": 0.4,
    "evidence_score": 0.1,
    "is_pinned": false,
    "manual_priority": null,
    "computed_score": 0.42000000000000004,
    "score_components": {
      "ai_relevance": 0.4,
      "evidence_score": 0.020000000000000004
    },
    "why_included": []
  }
]
