{
  "first": {
    "body": {
      "job_id": "636f3d1b-2f46-40bf-a11a-d42cbe6f3927",
      "params_hash": "30da24cf95379b6dcb02f87f2488f9306969548a902e4f2362814de58908c407",
      "reused_reason": null,
      "run_id": "a7e13286-6ed0-41c2-a85f-fbd35eb734c6",
      "status": "queued"
    },
    "status": 200
  },
  "reuse": {
    "body": {
      "job_id": "636f3d1b-2f46-40bf-a11a-d42cbe6f3927",
      "params_hash": "30da24cf95379b6dcb02f87f2488f9306969548a902e4f2362814de58908c407",
      "reused_reason": "duplicate_succeeded",
      "run_id": "a7e13286-6ed0-41c2-a85f-fbd35eb734c6",
      "status": "succeeded"
    },
    "status": 200
  }
}