{
  "enrichments": [
    {
      "content_hash": "ff937682ae68d0901a6ddca1a24dc83f1e3ac68e33c41d3e1446ba2702ba8115",
      "id": "ffc0f364-e36b-4daa-af74-56bbb834318c",
      "model_name": "deterministic_stub_v1",
      "provider": "internal_stub",
      "purpose": "executive_discovery",
      "status": "success"
    }
  ],
  "evidence": [
    {
      "executive_prospect_id": "04161e18-d9db-4a5b-863e-29fd31d5d009",
      "source_content_hash": "ff937682ae68d0901a6ddca1a24dc83f1e3ac68e33c41d3e1446ba2702ba8115",
      "source_document_id": "56a6022c-6266-4321-a14f-8785ec3e422d",
      "source_url": "https://alpha-76.example.com/"
    },
    {
      "executive_prospect_id": "02d9105e-f468-4e5e-b80d-7c6c3b1f615a",
      "source_content_hash": "ff937682ae68d0901a6ddca1a24dc83f1e3ac68e33c41d3e1446ba2702ba8115",
      "source_document_id": "56a6022c-6266-4321-a14f-8785ec3e422d",
      "source_url": "https://alpha-76.example.com/"
    }
  ],
  "executives": [
    {
      "company_prospect_id": "6193b020-059f-4d9b-93cc-377be3a51ee4",
      "id": "04161e18-d9db-4a5b-863e-29fd31d5d009",
      "linkedin_url": "https://www.linkedin.com/in/alpha-exec-eligible-ceo",
      "name_normalized": "alpha exec eligible ceo",
      "profile_url": "https://example.com/alpha-exec-eligible/ceo",
      "source_document_id": "56a6022c-6266-4321-a14f-8785ec3e422d",
      "title": "Chief Executive Officer"
    },
    {
      "company_prospect_id": "6193b020-059f-4d9b-93cc-377be3a51ee4",
      "id": "02d9105e-f468-4e5e-b80d-7c6c3b1f615a",
      "linkedin_url": "https://www.linkedin.com/in/alpha-exec-eligible-cfo",
      "name_normalized": "alpha exec eligible cfo",
      "profile_url": "https://example.com/alpha-exec-eligible/cfo",
      "source_document_id": "56a6022c-6266-4321-a14f-8785ec3e422d",
      "title": "Chief Financial Officer"
    }
  ],
  "sources": [
    {
      "content_hash": "ff937682ae68d0901a6ddca1a24dc83f1e3ac68e33c41d3e1446ba2702ba8115",
      "id": "56a6022c-6266-4321-a14f-8785ec3e422d",
      "meta": {
        "enrichment_id": "ffc0f364-e36b-4daa-af74-56bbb834318c",
        "ingest_stats": {
          "companies_targeted": 1,
          "evidence_created": 2,
          "executives_existing": 0,
          "executives_new": 2,
          "urls_created": 1,
          "urls_existing": 1
        },
        "kind": "llm_json",
        "model": "deterministic_stub_v1",
        "provider": "internal_stub",
        "purpose": "executive_discovery",
        "schema_version": "executive_discovery_v1"
      },
      "source_type": "llm_json",
      "title": "Internal Executive Discovery"
    }
  ]
}