[
  {
    "id": "0a7f6bef-7826-4178-b92b-d31a5ec4979b",
    "tenant_id": "b3909011-8bd3-439d-a421-3b70fae124e9",
    "created_at": "2026-01-04T18:31:24.206156Z",
    "updated_at": "2026-01-04T18:31:24.206156Z",
    "company_research_run_id": "2c2b3468-80b0-4d20-8f35-cda687c63702",
    "source_type": "url",
    "title": "content_html",
    "original_url": "http://127.0.0.1:63801/content_html",
    "url": "http://127.0.0.1:63801/content_html",
    "url_normalized": "http://127.0.0.1:63801/content_html",
    "canonical_final_url": null,
    "canonical_source_id": null,
    "file_name": null,
    "content_text": null,
    "content_hash": null,
    "content_size": null,
    "mime_type": null,
    "status": "queued",
    "error_message": null,
    "last_error": null,
    "attempt_count": 0,
    "max_attempts": 3,
    "next_retry_at": null,
    "fetched_at": null,
    "meta": {
      "kind": "url",
      "fetch_options": {
        "headers": null,
        "timeout_seconds": 30
      },
      "submitted_via": "api"
    },
    "http_status_code": null,
    "http_headers": null,
    "http_error_message": null,
    "http_final_url": null
  },
  {
    "id": "ed499f83-5022-4ab8-ab5b-b0201f0eacfd",
    "tenant_id": "b3909011-8bd3-439d-a421-3b70fae124e9",
    "created_at": "2026-01-04T18:31:24.221067Z",
    "updated_at": "2026-01-04T18:31:24.221067Z",
    "company_research_run_id": "2c2b3468-80b0-4d20-8f35-cda687c63702",
    "source_type": "url",
    "title": "content_html_variant",
    "original_url": "http://127.0.0.1:63801/content_html_variant",
    "url": "http://127.0.0.1:63801/content_html_variant",
    "url_normalized": "http://127.0.0.1:63801/content_html_variant",
    "canonical_final_url": null,
    "canonical_source_id": null,
    "file_name": null,
    "content_text": null,
    "content_hash": null,
    "content_size": null,
    "mime_type": null,
    "status": "queued",
    "error_message": null,
    "last_error": null,
    "attempt_count": 0,
    "max_attempts": 3,
    "next_retry_at": null,
    "fetched_at": null,
    "meta": {
      "kind": "url",
      "fetch_options": {
        "headers": null,
        "timeout_seconds": 30
      },
      "submitted_via": "api"
    },
    "http_status_code": null,
    "http_headers": null,
    "http_error_message": null,
    "http_final_url": null
  },
  {
    "id": "2a7111a0-1c47-4ddf-bcdb-112db746498c",
    "tenant_id": "b3909011-8bd3-439d-a421-3b70fae124e9",
    "created_at": "2026-01-04T18:31:24.235382Z",
    "updated_at": "2026-01-04T18:31:24.235382Z",
    "company_research_run_id": "2c2b3468-80b0-4d20-8f35-cda687c63702",
    "source_type": "url",
    "title": "thin_html",
    "original_url": "http://127.0.0.1:63801/thin_html",
    "url": "http://127.0.0.1:63801/thin_html",
    "url_normalized": "http://127.0.0.1:63801/thin_html",
    "canonical_final_url": null,
    "canonical_source_id": null,
    "file_name": null,
    "content_text": null,
    "content_hash": null,
    "content_size": null,
    "mime_type": null,
    "status": "queued",
    "error_message": null,
    "last_error": null,
    "attempt_count": 0,
    "max_attempts": 3,
    "next_retry_at": null,
    "fetched_at": null,
    "meta": {
      "kind": "url",
      "fetch_options": {
        "headers": null,
        "timeout_seconds": 30
      },
      "submitted_via": "api"
    },
    "http_status_code": null,
    "http_headers": null,
    "http_error_message": null,
    "http_final_url": null
  },
  {
    "id": "56a6c7a4-1b78-4894-9d0b-cfebda9c1689",
    "tenant_id": "b3909011-8bd3-439d-a421-3b70fae124e9",
    "created_at": "2026-01-04T18:31:24.249277Z",
    "updated_at": "2026-01-04T18:31:24.249277Z",
    "company_research_run_id": "2c2b3468-80b0-4d20-8f35-cda687c63702",
    "source_type": "url",
    "title": "login_html",
    "original_url": "http://127.0.0.1:63801/login_html",
    "url": "http://127.0.0.1:63801/login_html",
    "url_normalized": "http://127.0.0.1:63801/login_html",
    "canonical_final_url": null,
    "canonical_source_id": null,
    "file_name": null,
    "content_text": null,
    "content_hash": null,
    "content_size": null,
    "mime_type": null,
    "status": "queued",
    "error_message": null,
    "last_error": null,
    "attempt_count": 0,
    "max_attempts": 3,
    "next_retry_at": null,
    "fetched_at": null,
    "meta": {
      "kind": "url",
      "fetch_options": {
        "headers": null,
        "timeout_seconds": 30
      },
      "submitted_via": "api"
    },
    "http_status_code": null,
    "http_headers": null,
    "http_error_message": null,
    "http_final_url": null
  },
  {
    "id": "e7a1346c-0d38-4e87-ab0e-b01712b32f19",
    "tenant_id": "b3909011-8bd3-439d-a421-3b70fae124e9",
    "created_at": "2026-01-04T18:31:24.276854Z",
    "updated_at": "2026-01-04T18:31:24.276854Z",
    "company_research_run_id": "2c2b3468-80b0-4d20-8f35-cda687c63702",
    "source_type": "url",
    "title": "fixture_pdf",
    "original_url": "http://127.0.0.1:63801/pdf",
    "url": "http://127.0.0.1:63801/pdf",
    "url_normalized": "http://127.0.0.1:63801/pdf",
    "canonical_final_url": null,
    "canonical_source_id": null,
    "file_name": null,
    "content_text": null,
    "content_hash": null,
    "content_size": null,
    "mime_type": null,
    "status": "queued",
    "error_message": null,
    "last_error": null,
    "attempt_count": 0,
    "max_attempts": 3,
    "next_retry_at": null,
    "fetched_at": null,
    "meta": {
      "kind": "url",
      "fetch_options": {
        "headers": null,
        "timeout_seconds": 30
      },
      "submitted_via": "api"
    },
    "http_status_code": null,
    "http_headers": null,
    "http_error_message": null,
    "http_final_url": null
  }
]