[
  {
    "id": "ed5e43b1-f1e2-4f39-8c39-491f624fe049",
    "canonical_person_id": "37e2f7a9-0875-4b2b-953f-52fc23936676",
    "person_entity_id": "295382a9-2139-4b77-ab72-4610e1128924",
    "match_rule": "email",
    "evidence_source_document_id": "f1d462c5-fc05-406c-bc8f-b5202b531218",
    "evidence_company_research_run_id": "597a883d-cc41-4b18-82bb-7dac274a31bf"
  },
  {
    "id": "4429cddc-1306-4253-b19e-5102847dc8cf",
    "canonical_person_id": "37e2f7a9-0875-4b2b-953f-52fc23936676",
    "person_entity_id": "cfeb7634-51db-47d1-876c-bc736d142dfb",
    "match_rule": "email",
    "evidence_source_document_id": "52a5b850-b159-43a7-b95b-2eec6039e43c",
    "evidence_company_research_run_id": "e17d5855-31f2-46ef-8ccd-9e3c85f7b713"
  }
]
