[
  {
    "attempt_count": 0,
    "canonical_final_url": null,
    "canonical_source_id": null,
    "company_research_run_id": "0afd50f0-05bc-4447-a307-b19826a6adbd",
    "content_hash": null,
    "content_size": null,
    "content_text": null,
    "created_at": "2026-01-08T06:43:30.685280Z",
    "error_message": null,
    "fetched_at": null,
    "file_name": null,
    "http_error_message": null,
    "http_final_url": null,
    "http_headers": null,
    "http_status_code": null,
    "id": "81235de7-bb83-4021-944b-1803a3efbf76",
    "last_error": null,
    "max_attempts": 3,
    "meta": {
      "fetch_options": {
        "headers": null,
        "timeout_seconds": 30
      },
      "kind": "url",
      "submitted_via": "api"
    },
    "mime_type": null,
    "next_retry_at": null,
    "original_url": "http://127.0.0.1:8897/content_html",
    "source_type": "url",
    "status": "queued",
    "tenant_id": "860500aa-0076-4210-a16b-53eef8e3ffb7",
    "title": "content_html",
    "updated_at": "2026-01-08T06:43:30.685280Z",
    "url": "http://127.0.0.1:8897/content_html",
    "url_normalized": "http://127.0.0.1:8897/content_html"
  },
  {
    "attempt_count": 0,
    "canonical_final_url": null,
    "canonical_source_id": null,
    "company_research_run_id": "0afd50f0-05bc-4447-a307-b19826a6adbd",
    "content_hash": null,
    "content_size": null,
    "content_text": null,
    "created_at": "2026-01-08T06:43:30.724285Z",
    "error_message": null,
    "fetched_at": null,
    "file_name": null,
    "http_error_message": null,
    "http_final_url": null,
    "http_headers": null,
    "http_status_code": null,
    "id": "db2b5455-395c-4ed2-917e-76be3f78a7cd",
    "last_error": null,
    "max_attempts": 3,
    "meta": {
      "fetch_options": {
        "headers": null,
        "timeout_seconds": 30
      },
      "kind": "url",
      "submitted_via": "api"
    },
    "mime_type": null,
    "next_retry_at": null,
    "original_url": "http://127.0.0.1:8897/content_html_variant",
    "source_type": "url",
    "status": "queued",
    "tenant_id": "860500aa-0076-4210-a16b-53eef8e3ffb7",
    "title": "content_html_variant",
    "updated_at": "2026-01-08T06:43:30.724285Z",
    "url": "http://127.0.0.1:8897/content_html_variant",
    "url_normalized": "http://127.0.0.1:8897/content_html_variant"
  },
  {
    "attempt_count": 0,
    "canonical_final_url": null,
    "canonical_source_id": null,
    "company_research_run_id": "0afd50f0-05bc-4447-a307-b19826a6adbd",
    "content_hash": null,
    "content_size": null,
    "content_text": null,
    "created_at": "2026-01-08T06:43:30.745603Z",
    "error_message": null,
    "fetched_at": null,
    "file_name": null,
    "http_error_message": null,
    "http_final_url": null,
    "http_headers": null,
    "http_status_code": null,
    "id": "1394e9d8-6a8b-47a6-a65e-8911d78b4fdd",
    "last_error": null,
    "max_attempts": 3,
    "meta": {
      "fetch_options": {
        "headers": null,
        "timeout_seconds": 30
      },
      "kind": "url",
      "submitted_via": "api"
    },
    "mime_type": null,
    "next_retry_at": null,
    "original_url": "http://127.0.0.1:8897/thin_html",
    "source_type": "url",
    "status": "queued",
    "tenant_id": "860500aa-0076-4210-a16b-53eef8e3ffb7",
    "title": "thin_html",
    "updated_at": "2026-01-08T06:43:30.745603Z",
    "url": "http://127.0.0.1:8897/thin_html",
    "url_normalized": "http://127.0.0.1:8897/thin_html"
  },
  {
    "attempt_count": 0,
    "canonical_final_url": null,
    "canonical_source_id": null,
    "company_research_run_id": "0afd50f0-05bc-4447-a307-b19826a6adbd",
    "content_hash": null,
    "content_size": null,
    "content_text": null,
    "created_at": "2026-01-08T06:43:30.765099Z",
    "error_message": null,
    "fetched_at": null,
    "file_name": null,
    "http_error_message": null,
    "http_final_url": null,
    "http_headers": null,
    "http_status_code": null,
    "id": "d96003eb-a71b-44d5-a1ec-f778ba4a62b7",
    "last_error": null,
    "max_attempts": 3,
    "meta": {
      "fetch_options": {
        "headers": null,
        "timeout_seconds": 30
      },
      "kind": "url",
      "submitted_via": "api"
    },
    "mime_type": null,
    "next_retry_at": null,
    "original_url": "http://127.0.0.1:8897/login_html",
    "source_type": "url",
    "status": "queued",
    "tenant_id": "860500aa-0076-4210-a16b-53eef8e3ffb7",
    "title": "login_html",
    "updated_at": "2026-01-08T06:43:30.765099Z",
    "url": "http://127.0.0.1:8897/login_html",
    "url_normalized": "http://127.0.0.1:8897/login_html"
  }
]