[
  {
    "company_prospect_id": "b9a85329-c471-4c3c-bed8-97a1157dbc3f",
    "display_name": "delta exec proof ceo",
    "evidence_source_document_ids": [
      "2926b28a-0f9e-49fe-862d-e20de4088e57"
    ],
    "executive_id": "d2e839d8-a1b4-450b-b014-04257dc2cc7e",
    "provenance": "internal",
    "rank_position": 1,
    "rank_score": 610.0,
    "title": "Chief Executive Officer",
    "verification_status": "partial",
    "why_ranked": [
      {
        "code": "VERIFICATION_STATUS",
        "evidence_source_document_ids": [],
        "label": "verification_status=partial",
        "weight": 500.0
      },
      {
        "code": "PROVENANCE",
        "evidence_source_document_ids": [],
        "label": "provenance=internal",
        "weight": 100.0
      },
      {
        "code": "EVIDENCE_COVERAGE",
        "evidence_source_document_ids": [
          "2926b28a-0f9e-49fe-862d-e20de4088e57"
        ],
        "label": "evidence_coverage",
        "weight": 10.0
      }
    ]
  },
  {
    "company_prospect_id": "b9a85329-c471-4c3c-bed8-97a1157dbc3f",
    "display_name": "delta exec proof cfo",
    "evidence_source_document_ids": [
      "2926b28a-0f9e-49fe-862d-e20de4088e57"
    ],
    "executive_id": "debe24d8-b61e-4584-8605-96aca9facc0a",
    "provenance": "internal",
    "rank_position": 2,
    "rank_score": 610.0,
    "title": "Chief Financial Officer",
    "verification_status": "partial",
    "why_ranked": [
      {
        "code": "VERIFICATION_STATUS",
        "evidence_source_document_ids": [],
        "label": "verification_status=partial",
        "weight": 500.0
      },
      {
        "code": "PROVENANCE",
        "evidence_source_document_ids": [],
        "label": "provenance=internal",
        "weight": 100.0
      },
      {
        "code": "EVIDENCE_COVERAGE",
        "evidence_source_document_ids": [
          "2926b28a-0f9e-49fe-862d-e20de4088e57"
        ],
        "label": "evidence_coverage",
        "weight": 10.0
      }
    ]
  },
  {
    "company_prospect_id": "b9a85329-c471-4c3c-bed8-97a1157dbc3f",
    "display_name": "blair delta finance lead",
    "evidence_source_document_ids": [
      "1c218b5b-7e50-424f-8edf-d13128ae7310"
    ],
    "executive_id": "252b9dcc-2d9c-40a2-890f-18a535f57621",
    "provenance": "external",
    "rank_position": 3,
    "rank_score": 610.0,
    "title": "Chief Financial Officer",
    "verification_status": "partial",
    "why_ranked": [
      {
        "code": "VERIFICATION_STATUS",
        "evidence_source_document_ids": [],
        "label": "verification_status=partial",
        "weight": 500.0
      },
      {
        "code": "PROVENANCE",
        "evidence_source_document_ids": [],
        "label": "provenance=external",
        "weight": 100.0
      },
      {
        "code": "EVIDENCE_COVERAGE",
        "evidence_source_document_ids": [
          "1c218b5b-7e50-424f-8edf-d13128ae7310"
        ],
        "label": "evidence_coverage",
        "weight": 10.0
      }
    ]
  },
  {
    "company_prospect_id": "b9a85329-c471-4c3c-bed8-97a1157dbc3f",
    "display_name": "alex delta chief executive",
    "evidence_source_document_ids": [
      "1c218b5b-7e50-424f-8edf-d13128ae7310"
    ],
    "executive_id": "a7c85074-b814-4f0d-86ed-c27a968e3045",
    "provenance": "external",
    "rank_position": 4,
    "rank_score": 610.0,
    "title": "Chief Executive Officer",
    "verification_status": "partial",
    "why_ranked": [
      {
        "code": "VERIFICATION_STATUS",
        "evidence_source_document_ids": [],
        "label": "verification_status=partial",
        "weight": 500.0
      },
      {
        "code": "PROVENANCE",
        "evidence_source_document_ids": [],
        "label": "provenance=external",
        "weight": 100.0
      },
      {
        "code": "EVIDENCE_COVERAGE",
        "evidence_source_document_ids": [
          "1c218b5b-7e50-424f-8edf-d13128ae7310"
        ],
        "label": "evidence_coverage",
        "weight": 10.0
      }
    ]
  }
]
