{
  "blocked_hold": {
    "detail": "Review status must be accepted"
  },
  "blocked_rejected": {
    "detail": "Review status must be accepted"
  },
  "hold_patch": {
    "canonical_company_id": "c033ade6-c575-42de-9d9a-e75ce7a4d42f",
    "company_name": "delta exec proof",
    "company_prospect_id": "a78a3eff-13b3-4f61-887c-8f94f8490ee7",
    "confidence": 0.78,
    "discovered_by": "external",
    "email": null,
    "evidence": [
      {
        "evidence_weight": 0.5,
        "executive_prospect_id": "0bed14f7-f29f-4d04-8c1b-cb3881f5b615",
        "id": "8af63ca2-bb40-4b18-baca-101c811126e5",
        "raw_snippet": "CFO listing from external engine",
        "source_content_hash": "761b042120c007ac8ae764d7f4b1c530396d104e86e5e0a599a79d163c28e4a6",
        "source_document_id": "fe446934-4cd8-4ad6-87aa-6fbf95396c3c",
        "source_name": "Ext CFO page",
        "source_type": "external",
        "source_url": "https://external.example.com/delta-exec-proof/cfo"
      }
    ],
    "evidence_source_document_ids": [
      "fe446934-4cd8-4ad6-87aa-6fbf95396c3c"
    ],
    "id": "0bed14f7-f29f-4d04-8c1b-cb3881f5b615",
    "linkedin_url": null,
    "location": null,
    "name": "Blair Delta Finance Lead",
    "name_normalized": "blair delta finance lead",
    "profile_url": "https://external.example.com/delta-exec-proof/cfo",
    "provenance": "external",
    "review_status": "hold",
    "run_id": "6dcb6098-841d-499a-b23d-df23d3af636d",
    "source_document_id": "fe446934-4cd8-4ad6-87aa-6fbf95396c3c",
    "source_label": "external",
    "status": "new",
    "title": "Chief Financial Officer",
    "verification_status": "partial"
  },
  "rejected_patch": {
    "canonical_company_id": "c033ade6-c575-42de-9d9a-e75ce7a4d42f",
    "company_name": "delta exec proof",
    "company_prospect_id": "a78a3eff-13b3-4f61-887c-8f94f8490ee7",
    "confidence": 0.78,
    "discovered_by": "external",
    "email": null,
    "evidence": [
      {
        "evidence_weight": 0.5,
        "executive_prospect_id": "0bed14f7-f29f-4d04-8c1b-cb3881f5b615",
        "id": "8af63ca2-bb40-4b18-baca-101c811126e5",
        "raw_snippet": "CFO listing from external engine",
        "source_content_hash": "761b042120c007ac8ae764d7f4b1c530396d104e86e5e0a599a79d163c28e4a6",
        "source_document_id": "fe446934-4cd8-4ad6-87aa-6fbf95396c3c",
        "source_name": "Ext CFO page",
        "source_type": "external",
        "source_url": "https://external.example.com/delta-exec-proof/cfo"
      }
    ],
    "evidence_source_document_ids": [
      "fe446934-4cd8-4ad6-87aa-6fbf95396c3c"
    ],
    "id": "0bed14f7-f29f-4d04-8c1b-cb3881f5b615",
    "linkedin_url": null,
    "location": null,
    "name": "Blair Delta Finance Lead",
    "name_normalized": "blair delta finance lead",
    "profile_url": "https://external.example.com/delta-exec-proof/cfo",
    "provenance": "external",
    "review_status": "rejected",
    "run_id": "6dcb6098-841d-499a-b23d-df23d3af636d",
    "source_document_id": "fe446934-4cd8-4ad6-87aa-6fbf95396c3c",
    "source_label": "external",
    "status": "new",
    "title": "Chief Financial Officer",
    "verification_status": "partial"
  }
}
