rank_position,rank_score,executive_id,company_id,display_name,title,provenance,verification_status,reason_codes,evidence_source_document_ids
1,610.000000,d2e839d8-a1b4-450b-b014-04257dc2cc7e,b9a85329-c471-4c3c-bed8-97a1157dbc3f,delta exec proof ceo,Chief Executive Officer,internal,partial,VERIFICATION_STATUS;PROVENANCE;EVIDENCE_COVERAGE,2926b28a-0f9e-49fe-862d-e20de4088e57
2,610.000000,debe24d8-b61e-4584-8605-96aca9facc0a,b9a85329-c471-4c3c-bed8-97a1157dbc3f,delta exec proof cfo,Chief Financial Officer,internal,partial,VERIFICATION_STATUS;PROVENANCE;EVIDENCE_COVERAGE,2926b28a-0f9e-49fe-862d-e20de4088e57
3,610.000000,252b9dcc-2d9c-40a2-890f-18a535f57621,b9a85329-c471-4c3c-bed8-97a1157dbc3f,blair delta finance lead,Chief Financial Officer,external,partial,VERIFICATION_STATUS;PROVENANCE;EVIDENCE_COVERAGE,1c218b5b-7e50-424f-8edf-d13128ae7310
4,610.000000,a7c85074-b814-4f0d-86ed-c27a968e3045,b9a85329-c471-4c3c-bed8-97a1157dbc3f,alex delta chief executive,Chief Executive Officer,external,partial,VERIFICATION_STATUS;PROVENANCE;EVIDENCE_COVERAGE,1c218b5b-7e50-424f-8edf-d13128ae7310
