{
  "id": "2c2b3468-80b0-4d20-8f35-cda687c63702",
  "tenant_id": "b3909011-8bd3-439d-a421-3b70fae124e9",
  "created_at": "2026-01-04T18:31:23.511451Z",
  "updated_at": "2026-01-04T18:31:23.511451Z",
  "role_mandate_id": "45a00716-0fec-4de7-9ccf-26f14eb5f5fb",
  "name": "Phase5.1-Extract-a3dafb",
  "description": "Phase 5.1 extraction quality proof",
  "status": "planned",
  "sector": "software",
  "region_scope": [
    "US"
  ],
  "config": null,
  "summary": null,
  "error_message": null,
  "last_error": null,
  "created_by_user_id": "8f4941c8-efd8-48ee-9781-02a1be4a1479",
  "started_at": null,
  "finished_at": null
}