[
  {
    "canonical_company_id": "55495725-1442-408c-9d35-cb74ba09c22c",
    "company_name": "omega exec eligible",
    "company_prospect_id": "d3936df7-a3f8-43b6-9576-d9753e70b5ca",
    "confidence": 0.9,
    "discovered_by": "internal",
    "email": null,
    "evidence": [
      {
        "evidence_weight": 0.5,
        "executive_prospect_id": "e43967e2-8201-41ea-b7d2-a322a352624c",
        "id": "fef9d56a-0a25-447c-806d-51365c890e16",
        "raw_snippet": "Leadership listing for omega exec eligible CEO.",
        "source_content_hash": "21250ce0acd7e65f0c78722e92c55fd29d20f46c7303e968c23d95bd70c3f7fd",
        "source_document_id": "04ecdad9-9332-41e2-9741-3b92618ee750",
        "source_name": "Internal stub leadership page",
        "source_type": "internal_stub",
        "source_url": "https://omega-78.example.com/"
      }
    ],
    "evidence_source_document_ids": [
      "04ecdad9-9332-41e2-9741-3b92618ee750"
    ],
    "id": "e43967e2-8201-41ea-b7d2-a322a352624c",
    "linkedin_url": "https://www.linkedin.com/in/omega-exec-eligible-ceo",
    "location": "Unknown",
    "name": "omega exec eligible CEO",
    "name_normalized": "omega exec eligible ceo",
    "profile_url": "https://example.com/omega-exec-eligible/ceo",
    "provenance": "internal",
    "run_id": "339ba963-7fd4-492d-ad62-ac4de0f62f27",
    "source_document_id": "04ecdad9-9332-41e2-9741-3b92618ee750",
    "source_label": "internal",
    "status": "new",
    "title": "Chief Executive Officer",
    "verification_status": "partial"
  },
  {
    "canonical_company_id": "55495725-1442-408c-9d35-cb74ba09c22c",
    "company_name": "omega exec eligible",
    "company_prospect_id": "d3936df7-a3f8-43b6-9576-d9753e70b5ca",
    "confidence": 0.85,
    "discovered_by": "internal",
    "email": null,
    "evidence": [
      {
        "evidence_weight": 0.5,
        "executive_prospect_id": "763926bd-7bcf-46df-8a24-ec5d290bf336",
        "id": "aae8bd59-c996-49d7-a883-cca7737f3784",
        "raw_snippet": "Finance lead reference for omega exec eligible CFO.",
        "source_content_hash": "21250ce0acd7e65f0c78722e92c55fd29d20f46c7303e968c23d95bd70c3f7fd",
        "source_document_id": "04ecdad9-9332-41e2-9741-3b92618ee750",
        "source_name": "Internal stub leadership page",
        "source_type": "internal_stub",
        "source_url": "https://omega-78.example.com/"
      }
    ],
    "evidence_source_document_ids": [
      "04ecdad9-9332-41e2-9741-3b92618ee750"
    ],
    "id": "763926bd-7bcf-46df-8a24-ec5d290bf336",
    "linkedin_url": "https://www.linkedin.com/in/omega-exec-eligible-cfo",
    "location": "Unknown",
    "name": "omega exec eligible CFO",
    "name_normalized": "omega exec eligible cfo",
    "profile_url": "https://example.com/omega-exec-eligible/cfo",
    "provenance": "internal",
    "run_id": "339ba963-7fd4-492d-ad62-ac4de0f62f27",
    "source_document_id": "04ecdad9-9332-41e2-9741-3b92618ee750",
    "source_label": "internal",
    "status": "new",
    "title": "Chief Financial Officer",
    "verification_status": "partial"
  }
]