{
  "classify": {
    "count": 4,
    "duplicates": 1,
    "processed": 2,
    "skipped": 0,
    "sources": [
      {
        "decision": "accept",
        "duplicate": false,
        "group": "49b8654172631f2f1a64be53b3207e6249c480b8d1cca44fea2d246c69778913",
        "id": "7d207e69-b378-4542-8f63-de4cda0ac0e0",
        "primary": "7d207e69-b378-4542-8f63-de4cda0ac0e0"
      },
      {
        "decision": "flag",
        "duplicate": true,
        "group": "49b8654172631f2f1a64be53b3207e6249c480b8d1cca44fea2d246c69778913",
        "id": "020cab20-01f0-4f5d-b6f1-26d74c132df6",
        "primary": "7d207e69-b378-4542-8f63-de4cda0ac0e0"
      }
    ],
    "updated": 2
  },
  "extract": {
    "accepted": 0,
    "count": 4,
    "flagged": 0,
    "processed": 0,
    "rejected": 0,
    "skipped": 4,
    "sources": [
      {
        "decision": null,
        "id": "020cab20-01f0-4f5d-b6f1-26d74c132df6",
        "reason_codes": [],
        "word_count": null
      },
      {
        "decision": null,
        "id": "7d207e69-b378-4542-8f63-de4cda0ac0e0",
        "reason_codes": [],
        "word_count": null
      },
      {
        "decision": null,
        "id": "f2ce5e16-5f0e-448a-b9df-f9b85ac6c185",
        "reason_codes": [],
        "word_count": null
      },
      {
        "decision": null,
        "id": "ab3a5fcf-8de8-47e3-82ab-6166db8ebb97",
        "reason_codes": [],
        "word_count": null
      }
    ]
  },
  "fetch": {
    "details": [],
    "failed": 0,
    "fetched": 0,
    "force": false,
    "limited": false,
    "next_retry_at": null,
    "pending_recheck": false,
    "pending_recheck_next_retry_at": null,
    "processed": 0,
    "retry_backoff_seconds": null,
    "retry_scheduled": false,
    "selected": 0,
    "skipped": true,
    "terminal_failures": 0
  },
  "inputs": {
    "force": false,
    "max_urls": 4
  },
  "process": {
    "companies_existing": 0,
    "companies_found": 0,
    "companies_new": 0,
    "processed": 4,
    "sources_detail": [
      {
        "chars": null,
        "deduped_to": null,
        "error": null,
        "existing": null,
        "extracted": null,
        "extraction_method": null,
        "lines": null,
        "new": null,
        "source_id": "020cab20-01f0-4f5d-b6f1-26d74c132df6",
        "status": "skipped",
        "title": "content_html"
      },
      {
        "chars": null,
        "deduped_to": null,
        "error": null,
        "existing": null,
        "extracted": null,
        "extraction_method": null,
        "lines": null,
        "new": null,
        "source_id": "7d207e69-b378-4542-8f63-de4cda0ac0e0",
        "status": "skipped",
        "title": "content_html_variant"
      },
      {
        "chars": null,
        "deduped_to": null,
        "error": null,
        "existing": null,
        "extracted": null,
        "extraction_method": null,
        "lines": null,
        "new": null,
        "source_id": "f2ce5e16-5f0e-448a-b9df-f9b85ac6c185",
        "status": "skipped",
        "title": "thin_html"
      },
      {
        "chars": null,
        "deduped_to": null,
        "error": null,
        "existing": null,
        "extracted": null,
        "extraction_method": null,
        "lines": null,
        "new": null,
        "source_id": "ab3a5fcf-8de8-47e3-82ab-6166db8ebb97",
        "status": "skipped",
        "title": "login_html"
      }
    ]
  },
  "run_id": "421f6bd3-9360-461d-b7df-5741c55bffe9",
  "source_ids_touched": [
    "020cab20-01f0-4f5d-b6f1-26d74c132df6",
    "7d207e69-b378-4542-8f63-de4cda0ac0e0",
    "ab3a5fcf-8de8-47e3-82ab-6166db8ebb97",
    "f2ce5e16-5f0e-448a-b9df-f9b85ac6c185"
  ],
  "status": "ok"
}