{
  "candidate_matches": [],
  "external_only": [
    {
      "canonical_company_id": "40be799a-90fc-4a22-a582-0ff877873d70",
      "company_prospect_id": "754bd842-c7b2-4d9e-8519-52fff3d3a217",
      "discovered_by": "external",
      "engine": "external",
      "evidence": {
        "enrichment_record_id": "7a29af18-4c78-4093-b3d8-c9d7a45de671",
        "evidence_source_document_ids": [
          "7ccabaaf-bd50-44c9-b1fd-39ab324a1523"
        ],
        "request_source_document_id": "eabe3b44-aeb4-43e7-94bd-af2d38068793",
        "response_source_document_id": "7ccabaaf-bd50-44c9-b1fd-39ab324a1523"
      },
      "id": "ef8cdc8d-aeac-4350-b303-9c6edc06136f",
      "name": "Blair Delta Finance Lead",
      "provenance": "external",
      "source_label": "external",
      "title": "Chief Financial Officer",
      "verification_status": "partial"
    }
  ],
  "internal_only": [
    {
      "canonical_company_id": "40be799a-90fc-4a22-a582-0ff877873d70",
      "company_prospect_id": "754bd842-c7b2-4d9e-8519-52fff3d3a217",
      "discovered_by": "internal",
      "engine": "internal",
      "evidence": {
        "enrichment_record_id": "16f1d3ce-05da-4899-a960-54eab0a2a0da",
        "evidence_source_document_ids": [
          "c2173f2c-6e21-4b7d-a386-acd39d747fd0"
        ],
        "request_source_document_id": "1261b0ff-c990-4d1a-94d8-8b52763e8dbb",
        "response_source_document_id": "c2173f2c-6e21-4b7d-a386-acd39d747fd0"
      },
      "id": "278afa09-bf6f-429a-ac26-0b8098a581a2",
      "name": "delta exec proof CFO",
      "provenance": "internal",
      "source_label": "internal",
      "title": "Chief Financial Officer",
      "verification_status": "partial"
    }
  ],
  "matched_or_both": [
    {
      "canonical_company_id": "40be799a-90fc-4a22-a582-0ff877873d70",
      "company_prospect_id": "754bd842-c7b2-4d9e-8519-52fff3d3a217",
      "decision": "both",
      "external": {
        "canonical_company_id": "40be799a-90fc-4a22-a582-0ff877873d70",
        "company_prospect_id": "754bd842-c7b2-4d9e-8519-52fff3d3a217",
        "discovered_by": "both",
        "engine": "external",
        "evidence": {
          "enrichment_record_id": "7a29af18-4c78-4093-b3d8-c9d7a45de671",
          "evidence_source_document_ids": [
            "7ccabaaf-bd50-44c9-b1fd-39ab324a1523"
          ],
          "request_source_document_id": "eabe3b44-aeb4-43e7-94bd-af2d38068793",
          "response_source_document_id": "7ccabaaf-bd50-44c9-b1fd-39ab324a1523"
        },
        "id": "c1a65d3d-65a7-4015-b618-716f18df86bd",
        "name": "Alex Delta Chief Executive",
        "provenance": "both",
        "source_label": "both",
        "title": "Chief Executive Officer",
        "verification_status": "partial"
      },
      "internal": {
        "canonical_company_id": "40be799a-90fc-4a22-a582-0ff877873d70",
        "company_prospect_id": "754bd842-c7b2-4d9e-8519-52fff3d3a217",
        "discovered_by": "both",
        "engine": "internal",
        "evidence": {
          "enrichment_record_id": "7a29af18-4c78-4093-b3d8-c9d7a45de671",
          "evidence_source_document_ids": [
            "7ccabaaf-bd50-44c9-b1fd-39ab324a1523"
          ],
          "request_source_document_id": "eabe3b44-aeb4-43e7-94bd-af2d38068793",
          "response_source_document_id": "7ccabaaf-bd50-44c9-b1fd-39ab324a1523"
        },
        "id": "c1a65d3d-65a7-4015-b618-716f18df86bd",
        "name": "Alex Delta Chief Executive",
        "provenance": "both",
        "source_label": "both",
        "title": "Chief Executive Officer",
        "verification_status": "partial"
      },
      "name": "Alex Delta Chief Executive",
      "note": null,
      "title": "Chief Executive Officer"
    },
    {
      "canonical_company_id": "40be799a-90fc-4a22-a582-0ff877873d70",
      "company_prospect_id": "754bd842-c7b2-4d9e-8519-52fff3d3a217",
      "decision": "mark_same",
      "external": {
        "canonical_company_id": "40be799a-90fc-4a22-a582-0ff877873d70",
        "company_prospect_id": "754bd842-c7b2-4d9e-8519-52fff3d3a217",
        "discovered_by": "both",
        "engine": "both",
        "evidence": {
          "enrichment_record_id": "7a29af18-4c78-4093-b3d8-c9d7a45de671",
          "evidence_source_document_ids": [
            "7ccabaaf-bd50-44c9-b1fd-39ab324a1523"
          ],
          "request_source_document_id": "eabe3b44-aeb4-43e7-94bd-af2d38068793",
          "response_source_document_id": "7ccabaaf-bd50-44c9-b1fd-39ab324a1523"
        },
        "id": "c1a65d3d-65a7-4015-b618-716f18df86bd",
        "name": "Alex Delta Chief Executive",
        "provenance": "both",
        "source_label": "both",
        "title": "Chief Executive Officer",
        "verification_status": "partial"
      },
      "internal": null,
      "name": "Alex Delta Chief Executive",
      "note": "mark_same proof",
      "title": "Chief Executive Officer"
    },
    {
      "canonical_company_id": "40be799a-90fc-4a22-a582-0ff877873d70",
      "company_prospect_id": "754bd842-c7b2-4d9e-8519-52fff3d3a217",
      "decision": "both",
      "external": {
        "canonical_company_id": "40be799a-90fc-4a22-a582-0ff877873d70",
        "company_prospect_id": "754bd842-c7b2-4d9e-8519-52fff3d3a217",
        "discovered_by": "both",
        "engine": "external",
        "evidence": {
          "enrichment_record_id": "16f1d3ce-05da-4899-a960-54eab0a2a0da",
          "evidence_source_document_ids": [
            "c2173f2c-6e21-4b7d-a386-acd39d747fd0"
          ],
          "request_source_document_id": "1261b0ff-c990-4d1a-94d8-8b52763e8dbb",
          "response_source_document_id": "c2173f2c-6e21-4b7d-a386-acd39d747fd0"
        },
        "id": "cc01f9d4-00b9-46d2-8f94-7926af8a7cfd",
        "name": "delta exec proof CEO",
        "provenance": "both",
        "source_label": "both",
        "title": "Chief Executive Officer",
        "verification_status": "partial"
      },
      "internal": {
        "canonical_company_id": "40be799a-90fc-4a22-a582-0ff877873d70",
        "company_prospect_id": "754bd842-c7b2-4d9e-8519-52fff3d3a217",
        "discovered_by": "both",
        "engine": "internal",
        "evidence": {
          "enrichment_record_id": "16f1d3ce-05da-4899-a960-54eab0a2a0da",
          "evidence_source_document_ids": [
            "c2173f2c-6e21-4b7d-a386-acd39d747fd0"
          ],
          "request_source_document_id": "1261b0ff-c990-4d1a-94d8-8b52763e8dbb",
          "response_source_document_id": "c2173f2c-6e21-4b7d-a386-acd39d747fd0"
        },
        "id": "cc01f9d4-00b9-46d2-8f94-7926af8a7cfd",
        "name": "delta exec proof CEO",
        "provenance": "both",
        "source_label": "both",
        "title": "Chief Executive Officer",
        "verification_status": "partial"
      },
      "name": "delta exec proof CEO",
      "note": null,
      "title": "Chief Executive Officer"
    }
  ]
}