[
  {
    "attempt_count": 0,
    "canonical_final_url": null,
    "canonical_source_id": null,
    "company_research_run_id": "421f6bd3-9360-461d-b7df-5741c55bffe9",
    "content_hash": null,
    "content_size": null,
    "content_text": null,
    "created_at": "2026-01-08T05:51:53.285359Z",
    "error_message": null,
    "fetched_at": null,
    "file_name": null,
    "http_error_message": null,
    "http_final_url": null,
    "http_headers": null,
    "http_status_code": null,
    "id": "020cab20-01f0-4f5d-b6f1-26d74c132df6",
    "last_error": null,
    "max_attempts": 3,
    "meta": {
      "fetch_options": {
        "headers": null,
        "timeout_seconds": 30
      },
      "kind": "url",
      "submitted_via": "api"
    },
    "mime_type": null,
    "next_retry_at": null,
    "original_url": "http://127.0.0.1:8897/content_html",
    "source_type": "url",
    "status": "queued",
    "tenant_id": "860500aa-0076-4210-a16b-53eef8e3ffb7",
    "title": "content_html",
    "updated_at": "2026-01-08T05:51:53.285359Z",
    "url": "http://127.0.0.1:8897/content_html",
    "url_normalized": "http://127.0.0.1:8897/content_html"
  },
  {
    "attempt_count": 0,
    "canonical_final_url": null,
    "canonical_source_id": null,
    "company_research_run_id": "421f6bd3-9360-461d-b7df-5741c55bffe9",
    "content_hash": null,
    "content_size": null,
    "content_text": null,
    "created_at": "2026-01-08T05:51:53.326759Z",
    "error_message": null,
    "fetched_at": null,
    "file_name": null,
    "http_error_message": null,
    "http_final_url": null,
    "http_headers": null,
    "http_status_code": null,
    "id": "7d207e69-b378-4542-8f63-de4cda0ac0e0",
    "last_error": null,
    "max_attempts": 3,
    "meta": {
      "fetch_options": {
        "headers": null,
        "timeout_seconds": 30
      },
      "kind": "url",
      "submitted_via": "api"
    },
    "mime_type": null,
    "next_retry_at": null,
    "original_url": "http://127.0.0.1:8897/content_html_variant",
    "source_type": "url",
    "status": "queued",
    "tenant_id": "860500aa-0076-4210-a16b-53eef8e3ffb7",
    "title": "content_html_variant",
    "updated_at": "2026-01-08T05:51:53.326759Z",
    "url": "http://127.0.0.1:8897/content_html_variant",
    "url_normalized": "http://127.0.0.1:8897/content_html_variant"
  },
  {
    "attempt_count": 0,
    "canonical_final_url": null,
    "canonical_source_id": null,
    "company_research_run_id": "421f6bd3-9360-461d-b7df-5741c55bffe9",
    "content_hash": null,
    "content_size": null,
    "content_text": null,
    "created_at": "2026-01-08T05:51:53.347841Z",
    "error_message": null,
    "fetched_at": null,
    "file_name": null,
    "http_error_message": null,
    "http_final_url": null,
    "http_headers": null,
    "http_status_code": null,
    "id": "f2ce5e16-5f0e-448a-b9df-f9b85ac6c185",
    "last_error": null,
    "max_attempts": 3,
    "meta": {
      "fetch_options": {
        "headers": null,
        "timeout_seconds": 30
      },
      "kind": "url",
      "submitted_via": "api"
    },
    "mime_type": null,
    "next_retry_at": null,
    "original_url": "http://127.0.0.1:8897/thin_html",
    "source_type": "url",
    "status": "queued",
    "tenant_id": "860500aa-0076-4210-a16b-53eef8e3ffb7",
    "title": "thin_html",
    "updated_at": "2026-01-08T05:51:53.347841Z",
    "url": "http://127.0.0.1:8897/thin_html",
    "url_normalized": "http://127.0.0.1:8897/thin_html"
  },
  {
    "attempt_count": 0,
    "canonical_final_url": null,
    "canonical_source_id": null,
    "company_research_run_id": "421f6bd3-9360-461d-b7df-5741c55bffe9",
    "content_hash": null,
    "content_size": null,
    "content_text": null,
    "created_at": "2026-01-08T05:51:53.369659Z",
    "error_message": null,
    "fetched_at": null,
    "file_name": null,
    "http_error_message": null,
    "http_final_url": null,
    "http_headers": null,
    "http_status_code": null,
    "id": "ab3a5fcf-8de8-47e3-82ab-6166db8ebb97",
    "last_error": null,
    "max_attempts": 3,
    "meta": {
      "fetch_options": {
        "headers": null,
        "timeout_seconds": 30
      },
      "kind": "url",
      "submitted_via": "api"
    },
    "mime_type": null,
    "next_retry_at": null,
    "original_url": "http://127.0.0.1:8897/login_html",
    "source_type": "url",
    "status": "queued",
    "tenant_id": "860500aa-0076-4210-a16b-53eef8e3ffb7",
    "title": "login_html",
    "updated_at": "2026-01-08T05:51:53.369659Z",
    "url": "http://127.0.0.1:8897/login_html",
    "url_normalized": "http://127.0.0.1:8897/login_html"
  }
]