company_prospect_id,executive_id,display_name,title,provenance,verification_status,review_status,rank_position,rank_score,pipeline_status,candidate_id,contact_id,contact_enrichment_status,contact_enrichment_source_document_id,evidence_source_document_ids
164c4e0d-19c2-4adc-b71c-16a314207762,3a88a362-d2ec-4794-95dd-4b6bf3b65c8d,delta exec proof cfo,Chief Financial Officer,internal,partial,new,1,610.000000,not_created,,,,,efbe8c03-c523-4b16-a044-260fd1cf61be
164c4e0d-19c2-4adc-b71c-16a314207762,74e5da76-9391-4785-89fe-20e3eb3c032e,delta exec proof ceo,Chief Executive Officer,internal,partial,new,2,610.000000,not_created,,,,,efbe8c03-c523-4b16-a044-260fd1cf61be
164c4e0d-19c2-4adc-b71c-16a314207762,3c7b085a-4594-4567-8525-39478f30b5c7,alex delta chief executive,Chief Executive Officer,external,partial,new,3,610.000000,not_created,,,,,dad83fd5-13b7-49d9-ae08-bc770795767a
164c4e0d-19c2-4adc-b71c-16a314207762,cf6d5556-8b1b-4cbe-ae1e-4535e2bd93d9,blair delta finance lead,Chief Financial Officer,external,partial,new,4,610.000000,not_created,,,,,dad83fd5-13b7-49d9-ae08-bc770795767a
