{
  "before": [
    {
      "id": "5ce8141e-dbeb-449e-926d-c7ddd411ac44",
      "run_id": "0853fa29-52fb-4fb1-8f3e-e46225df0aa4",
      "company_prospect_id": "503ceeb0-0601-47d3-a0a5-727617337aa0",
      "company_name": "gamma holdings",
      "canonical_company_id": null,
      "discovered_by": "internal",
      "provenance": "internal",
      "verification_status": "unverified",
      "name": "Casey Proof",
      "name_normalized": "casey proof",
      "title": "CEO",
      "profile_url": "https://example.com/casey",
      "linkedin_url": "https://linkedin.com/in/casey-proof",
      "email": "casey@example.com",
      "location": "Remote",
      "confidence": 0.8,
      "status": "new",
      "source_label": "internal",
      "source_document_id": "4a1864d0-0a73-4031-be8e-7851e5fe7eda",
      "evidence_source_document_ids": [
        "4a1864d0-0a73-4031-be8e-7851e5fe7eda"
      ],
      "evidence": [
        {
          "id": "e70bccf7-bed9-4123-ba0f-94414e17cf4d",
          "executive_prospect_id": "5ce8141e-dbeb-449e-926d-c7ddd411ac44",
          "source_type": "profile",
          "source_name": "Internal dossier",
          "source_url": "https://example.com/dossier",
          "raw_snippet": "Confirmed leadership role",
          "evidence_weight": 0.9,
          "source_document_id": "4a1864d0-0a73-4031-be8e-7851e5fe7eda",
          "source_content_hash": "hash-proof-79"
        }
      ]
    }
  ],
  "partial": {
    "status_code": 200,
    "json": {
      "id": "5ce8141e-dbeb-449e-926d-c7ddd411ac44",
      "run_id": "0853fa29-52fb-4fb1-8f3e-e46225df0aa4",
      "company_prospect_id": "503ceeb0-0601-47d3-a0a5-727617337aa0",
      "company_name": "gamma holdings",
      "canonical_company_id": null,
      "discovered_by": "internal",
      "provenance": "internal",
      "verification_status": "partial",
      "name": "Casey Proof",
      "name_normalized": "casey proof",
      "title": "CEO",
      "profile_url": "https://example.com/casey",
      "linkedin_url": "https://linkedin.com/in/casey-proof",
      "email": "casey@example.com",
      "location": "Remote",
      "confidence": 0.8,
      "status": "new",
      "source_label": "internal",
      "source_document_id": "4a1864d0-0a73-4031-be8e-7851e5fe7eda",
      "evidence_source_document_ids": [
        "4a1864d0-0a73-4031-be8e-7851e5fe7eda"
      ],
      "evidence": [
        {
          "id": "e70bccf7-bed9-4123-ba0f-94414e17cf4d",
          "executive_prospect_id": "5ce8141e-dbeb-449e-926d-c7ddd411ac44",
          "source_type": "profile",
          "source_name": "Internal dossier",
          "source_url": "https://example.com/dossier",
          "raw_snippet": "Confirmed leadership role",
          "evidence_weight": 0.9,
          "source_document_id": "4a1864d0-0a73-4031-be8e-7851e5fe7eda",
          "source_content_hash": "hash-proof-79"
        }
      ]
    }
  },
  "verified": {
    "status_code": 200,
    "json": {
      "id": "5ce8141e-dbeb-449e-926d-c7ddd411ac44",
      "run_id": "0853fa29-52fb-4fb1-8f3e-e46225df0aa4",
      "company_prospect_id": "503ceeb0-0601-47d3-a0a5-727617337aa0",
      "company_name": "gamma holdings",
      "canonical_company_id": null,
      "discovered_by": "internal",
      "provenance": "internal",
      "verification_status": "verified",
      "name": "Casey Proof",
      "name_normalized": "casey proof",
      "title": "CEO",
      "profile_url": "https://example.com/casey",
      "linkedin_url": "https://linkedin.com/in/casey-proof",
      "email": "casey@example.com",
      "location": "Remote",
      "confidence": 0.8,
      "status": "new",
      "source_label": "internal",
      "source_document_id": "4a1864d0-0a73-4031-be8e-7851e5fe7eda",
      "evidence_source_document_ids": [
        "4a1864d0-0a73-4031-be8e-7851e5fe7eda"
      ],
      "evidence": [
        {
          "id": "e70bccf7-bed9-4123-ba0f-94414e17cf4d",
          "executive_prospect_id": "5ce8141e-dbeb-449e-926d-c7ddd411ac44",
          "source_type": "profile",
          "source_name": "Internal dossier",
          "source_url": "https://example.com/dossier",
          "raw_snippet": "Confirmed leadership role",
          "evidence_weight": 0.9,
          "source_document_id": "4a1864d0-0a73-4031-be8e-7851e5fe7eda",
          "source_content_hash": "hash-proof-79"
        }
      ]
    }
  },
  "downgrade": {
    "status_code": 409,
    "json": {
      "detail": "Downgrades not allowed"
    }
  }
}