{
  "created_at": "2026-01-08T06:59:18.592910Z",
  "error_json": null,
  "finished_at": "2026-01-08T06:59:21.044249Z",
  "job_id": "636f3d1b-2f46-40bf-a11a-d42cbe6f3927",
  "params_hash": "30da24cf95379b6dcb02f87f2488f9306969548a902e4f2362814de58908c407",
  "params_json": {
    "force": false,
    "max_urls": 4
  },
  "progress_json": {
    "classify": {
      "count": 4,
      "duplicates": 1,
      "processed": 2,
      "skipped": 0,
      "sources": [
        {
          "decision": "accept",
          "duplicate": false,
          "group": "49b8654172631f2f1a64be53b3207e6249c480b8d1cca44fea2d246c69778913",
          "id": "aa10a812-c2d5-4957-8d3f-dd6e228a27ff",
          "primary": "aa10a812-c2d5-4957-8d3f-dd6e228a27ff"
        },
        {
          "decision": "flag",
          "duplicate": true,
          "group": "49b8654172631f2f1a64be53b3207e6249c480b8d1cca44fea2d246c69778913",
          "id": "35383d9c-a3c0-4071-9413-74cd77817402",
          "primary": "aa10a812-c2d5-4957-8d3f-dd6e228a27ff"
        }
      ],
      "updated": 2
    },
    "extract": {
      "accepted": 2,
      "count": 4,
      "flagged": 1,
      "processed": 4,
      "rejected": 1,
      "skipped": 0,
      "sources": [
        {
          "decision": "accept",
          "id": "35383d9c-a3c0-4071-9413-74cd77817402",
          "reason_codes": [],
          "word_count": 402
        },
        {
          "decision": "accept",
          "id": "aa10a812-c2d5-4957-8d3f-dd6e228a27ff",
          "reason_codes": [],
          "word_count": 416
        },
        {
          "decision": "reject",
          "id": "cf03640c-5350-4213-af78-177c3e0d4968",
          "reason_codes": [
            "REJECT_EXTREME_THIN"
          ],
          "word_count": 1
        },
        {
          "decision": "flag",
          "id": "8e19c52e-f436-4531-b3fb-2a1d711bf744",
          "reason_codes": [
            "FLAG_PAYWALL_OR_LOGIN",
            "FLAG_THIN_CONTENT"
          ],
          "word_count": 10
        }
      ]
    },
    "fetch": {
      "details": [
        {
          "attempt": 1,
          "error": null,
          "meta": {
            "attempt": 1,
            "canonical_source_id": "35383d9c-a3c0-4071-9413-74cd77817402",
            "canonical_url": "http://127.0.0.1:8897/content_html",
            "deduped": false,
            "extraction_method": "generic_html",
            "http": {
              "bytes_read": 3073,
              "canonical_final_url": "http://127.0.0.1:8897/content_html",
              "content_length": "3073",
              "content_type": "text/html",
              "final_url": "http://127.0.0.1:8897/content_html",
              "headers": {
                "content-length": "3073",
                "content-type": "text/html",
                "date": "Thu, 08 Jan 2026 06:59:19 GMT",
                "server": "Phase4_13Fixture/1.0 Python/3.11.9"
              },
              "status_code": 200
            },
            "items_found": 0,
            "max_attempts": 3
          },
          "next_retry_at": null,
          "source_id": "35383d9c-a3c0-4071-9413-74cd77817402",
          "status": "fetched",
          "url": "http://127.0.0.1:8897/content_html"
        },
        {
          "attempt": 1,
          "error": null,
          "meta": {
            "attempt": 1,
            "canonical_source_id": "aa10a812-c2d5-4957-8d3f-dd6e228a27ff",
            "canonical_url": "http://127.0.0.1:8897/content_html_variant",
            "deduped": false,
            "extraction_method": "generic_html",
            "http": {
              "bytes_read": 3161,
              "canonical_final_url": "http://127.0.0.1:8897/content_html_variant",
              "content_length": "3161",
              "content_type": "text/html",
              "final_url": "http://127.0.0.1:8897/content_html_variant",
              "headers": {
                "content-length": "3161",
                "content-type": "text/html",
                "date": "Thu, 08 Jan 2026 06:59:19 GMT",
                "server": "Phase4_13Fixture/1.0 Python/3.11.9"
              },
              "status_code": 200
            },
            "items_found": 0,
            "max_attempts": 3
          },
          "next_retry_at": null,
          "source_id": "aa10a812-c2d5-4957-8d3f-dd6e228a27ff",
          "status": "fetched",
          "url": "http://127.0.0.1:8897/content_html_variant"
        },
        {
          "attempt": 1,
          "error": null,
          "meta": {
            "attempt": 1,
            "canonical_source_id": "cf03640c-5350-4213-af78-177c3e0d4968",
            "canonical_url": "http://127.0.0.1:8897/thin_html",
            "deduped": false,
            "extraction_method": "generic_html",
            "http": {
              "bytes_read": 35,
              "canonical_final_url": "http://127.0.0.1:8897/thin_html",
              "content_length": "35",
              "content_type": "text/html",
              "final_url": "http://127.0.0.1:8897/thin_html",
              "headers": {
                "content-length": "35",
                "content-type": "text/html",
                "date": "Thu, 08 Jan 2026 06:59:20 GMT",
                "server": "Phase4_13Fixture/1.0 Python/3.11.9"
              },
              "status_code": 200
            },
            "items_found": 0,
            "max_attempts": 3
          },
          "next_retry_at": null,
          "source_id": "cf03640c-5350-4213-af78-177c3e0d4968",
          "status": "fetched",
          "url": "http://127.0.0.1:8897/thin_html"
        },
        {
          "attempt": 1,
          "error": null,
          "meta": {
            "attempt": 1,
            "canonical_source_id": "8e19c52e-f436-4531-b3fb-2a1d711bf744",
            "canonical_url": "http://127.0.0.1:8897/login_html",
            "deduped": false,
            "extraction_method": "generic_html",
            "http": {
              "bytes_read": 110,
              "canonical_final_url": "http://127.0.0.1:8897/login_html",
              "content_length": "110",
              "content_type": "text/html",
              "final_url": "http://127.0.0.1:8897/login_html",
              "headers": {
                "content-length": "110",
                "content-type": "text/html",
                "date": "Thu, 08 Jan 2026 06:59:20 GMT",
                "server": "Phase4_13Fixture/1.0 Python/3.11.9"
              },
              "status_code": 200
            },
            "items_found": 0,
            "max_attempts": 3
          },
          "next_retry_at": null,
          "source_id": "8e19c52e-f436-4531-b3fb-2a1d711bf744",
          "status": "fetched",
          "url": "http://127.0.0.1:8897/login_html"
        }
      ],
      "failed": 0,
      "fetched": 4,
      "force": false,
      "limited": false,
      "next_retry_at": null,
      "pending_recheck": false,
      "pending_recheck_next_retry_at": null,
      "processed": 4,
      "retry_backoff_seconds": null,
      "retry_scheduled": false,
      "selected": 4,
      "skipped": false,
      "terminal_failures": 0
    },
    "inputs": {
      "force": false,
      "max_urls": 4
    },
    "process": {
      "companies_existing": 1,
      "companies_found": 3,
      "companies_new": 2,
      "processed": 4,
      "sources_detail": [
        {
          "chars": 3005,
          "existing": 0,
          "extracted": 1,
          "lines": 3,
          "new": 1,
          "source_id": "35383d9c-a3c0-4071-9413-74cd77817402",
          "title": "content_html"
        },
        {
          "chars": 3093,
          "existing": 1,
          "extracted": 1,
          "lines": 3,
          "new": 0,
          "source_id": "aa10a812-c2d5-4957-8d3f-dd6e228a27ff",
          "title": "content_html_variant"
        },
        {
          "chars": 2,
          "existing": 0,
          "extracted": 0,
          "lines": 1,
          "new": 0,
          "source_id": "cf03640c-5350-4213-af78-177c3e0d4968",
          "title": "thin_html"
        },
        {
          "chars": 57,
          "existing": 0,
          "extracted": 1,
          "lines": 2,
          "new": 1,
          "source_id": "8e19c52e-f436-4531-b3fb-2a1d711bf744",
          "title": "login_html"
        }
      ]
    },
    "source_ids_touched": [
      "35383d9c-a3c0-4071-9413-74cd77817402",
      "8e19c52e-f436-4531-b3fb-2a1d711bf744",
      "aa10a812-c2d5-4957-8d3f-dd6e228a27ff",
      "cf03640c-5350-4213-af78-177c3e0d4968"
    ],
    "status": "ok"
  },
  "run_id": "a7e13286-6ed0-41c2-a85f-fbd35eb734c6",
  "started_at": "2026-01-08T06:59:18.676444Z",
  "status": "succeeded"
}