{
  "cancel_requested": false,
  "created_at": "2026-01-08T09:26:22.822104Z",
  "error_json": null,
  "finished_at": "2026-01-08T09:26:24.159612Z",
  "job_id": "16d4d605-7ca7-4a91-8ab4-b04e99d3345d",
  "params_hash": "c65b5e522d15a8506e05161a2f74355196028fe590f6dd4404f1048f33d14ceb",
  "params_json": {
    "force": true,
    "max_urls": 2
  },
  "progress_json": {
    "classify": {
      "count": 3,
      "duplicates": 0,
      "processed": 0,
      "skipped": 1,
      "sources": [],
      "updated": 0
    },
    "extract": {
      "accepted": 1,
      "count": 2,
      "flagged": 0,
      "processed": 2,
      "rejected": 1,
      "skipped": 0,
      "sources": [
        {
          "decision": "accept",
          "id": "487568e6-82cb-43fb-ae3b-002f4285593e",
          "reason_codes": [],
          "word_count": 402
        },
        {
          "decision": "reject",
          "id": "97b24b17-409f-41cb-a0a5-9238519b5605",
          "reason_codes": [
            "REJECT_EXTREME_THIN"
          ],
          "word_count": 1
        }
      ]
    },
    "fetch": {
      "details": [
        {
          "attempt": 1,
          "error": null,
          "meta": {
            "attempt": 1,
            "canonical_source_id": "487568e6-82cb-43fb-ae3b-002f4285593e",
            "canonical_url": "http://127.0.0.1:8899/content_html",
            "deduped": false,
            "extraction_method": "generic_html",
            "http": {
              "bytes_read": 3073,
              "canonical_final_url": "http://127.0.0.1:8899/content_html",
              "content_length": "3073",
              "content_type": "text/html",
              "final_url": "http://127.0.0.1:8899/content_html",
              "headers": {
                "content-length": "3073",
                "content-type": "text/html",
                "date": "Thu, 08 Jan 2026 09:26:23 GMT",
                "server": "Phase4_13Fixture/1.0 Python/3.11.9"
              },
              "status_code": 200
            },
            "items_found": 0,
            "max_attempts": 3
          },
          "next_retry_at": null,
          "source_id": "487568e6-82cb-43fb-ae3b-002f4285593e",
          "status": "fetched",
          "url": "http://127.0.0.1:8899/content_html"
        },
        {
          "attempt": 1,
          "error": null,
          "meta": {
            "attempt": 1,
            "canonical_source_id": "97b24b17-409f-41cb-a0a5-9238519b5605",
            "canonical_url": "http://127.0.0.1:8899/thin_html",
            "deduped": false,
            "extraction_method": "generic_html",
            "http": {
              "bytes_read": 35,
              "canonical_final_url": "http://127.0.0.1:8899/thin_html",
              "content_length": "35",
              "content_type": "text/html",
              "final_url": "http://127.0.0.1:8899/thin_html",
              "headers": {
                "content-length": "35",
                "content-type": "text/html",
                "date": "Thu, 08 Jan 2026 09:26:23 GMT",
                "server": "Phase4_13Fixture/1.0 Python/3.11.9"
              },
              "status_code": 200
            },
            "items_found": 0,
            "max_attempts": 3
          },
          "next_retry_at": null,
          "source_id": "97b24b17-409f-41cb-a0a5-9238519b5605",
          "status": "fetched",
          "url": "http://127.0.0.1:8899/thin_html"
        }
      ],
      "failed": 0,
      "fetched": 2,
      "force": true,
      "limited": true,
      "next_retry_at": null,
      "pending_recheck": false,
      "pending_recheck_next_retry_at": null,
      "processed": 2,
      "retry_backoff_seconds": null,
      "retry_scheduled": false,
      "selected": 2,
      "skipped": false,
      "terminal_failures": 0
    },
    "inputs": {
      "force": true,
      "max_urls": 2
    },
    "process": {
      "companies_existing": 0,
      "companies_found": 1,
      "companies_new": 1,
      "processed": 2,
      "sources_detail": [
        {
          "chars": 3005,
          "existing": 0,
          "extracted": 1,
          "lines": 3,
          "new": 1,
          "source_id": "487568e6-82cb-43fb-ae3b-002f4285593e",
          "title": "content_html"
        },
        {
          "chars": 2,
          "existing": 0,
          "extracted": 0,
          "lines": 1,
          "new": 0,
          "source_id": "97b24b17-409f-41cb-a0a5-9238519b5605",
          "title": "thin_html"
        }
      ]
    },
    "source_ids_touched": [
      "487568e6-82cb-43fb-ae3b-002f4285593e",
      "97b24b17-409f-41cb-a0a5-9238519b5605"
    ],
    "status": "ok"
  },
  "run_id": "2e7d2b23-b031-4f4c-909b-9e3024110fe7",
  "started_at": "2026-01-08T09:26:22.888184Z",
  "status": "succeeded"
}