[
  {
    "id": "242012d2-5e7f-4253-ac30-fdb69fba0228",
    "name_normalized": "alpha co",
    "normalized_company_id": "99c1f426-89a7-468a-936d-a0dcab86e5e0",
    "website_url": "https://alpha-73.example.com",
    "hq_country": "RO",
    "sector": "renewable energy",
    "subsector": "solar battery",
    "relevance_score": 0.62,
    "evidence_score": 0.8,
    "is_pinned": false,
    "manual_priority": null,
    "computed_score": 0.9650000000000001,
    "score_components": {
      "ai_relevance": 0.62,
      "evidence_score": 0.16000000000000003,
      "ownership_signal": 0.08000000000000002,
      "industry_keywords_match": 0.105
    },
    "why_included": [
      {
        "field_key": "ownership_signal",
        "value": "public_company",
        "value_normalized": "public_company",
        "confidence": 0.8,
        "source_document_id": "60048561-9c27-4931-8b3c-b0dd05e1beda"
      },
      {
        "field_key": "industry_keywords",
        "value": [
          "renewable energy",
          "solar",
          "battery",
          "energy storage",
          "grid"
        ],
        "value_normalized": "renewable energy, solar, battery, energy storage, grid",
        "confidence": 0.7,
        "source_document_id": "60048561-9c27-4931-8b3c-b0dd05e1beda"
      }
    ]
  },
  {
    "id": "5e48faa9-750e-49b4-a568-958fc7b898a4",
    "name_normalized": "beta fintech",
    "normalized_company_id": "f1a89290-ce0f-498e-b25d-15b1e61bf3b5",
    "website_url": "https://beta-73.example.com",
    "hq_country": "IN",
    "sector": "fintech infrastructure",
    "subsector": "payments cloud",
    "relevance_score": 0.58,
    "evidence_score": 0.7,
    "is_pinned": false,
    "manual_priority": null,
    "computed_score": 0.905,
    "score_components": {
      "ai_relevance": 0.58,
      "evidence_score": 0.13999999999999999,
      "ownership_signal": 0.08000000000000002,
      "industry_keywords_match": 0.105
    },
    "why_included": [
      {
        "field_key": "ownership_signal",
        "value": "subsidiary",
        "value_normalized": "subsidiary",
        "confidence": 0.8,
        "source_document_id": "356a16f9-7976-4e0e-984b-c51905bcdcf8"
      },
      {
        "field_key": "industry_keywords",
        "value": [
          "fintech",
          "payments",
          "cloud",
          "infrastructure"
        ],
        "value_normalized": "fintech, payments, cloud, infrastructure",
        "confidence": 0.7,
        "source_document_id": "356a16f9-7976-4e0e-984b-c51905bcdcf8"
      }
    ]
  },
  {
    "id": "a32a3dc1-e7c3-41a9-8d1f-318f05f132f0",
    "name_normalized": "gamma sparse",
    "normalized_company_id": "b02c38c1-376b-4c1d-8361-1672d494e709",
    "website_url": "https://gamma-73.example.com",
    "hq_country": "CA",
    "sector": "generic",
    "subsector": "limited",
    "relevance_score": 0.4,
    "evidence_score": 0.1,
    "is_pinned": false,
    "manual_priority": null,
    "computed_score": 0.42000000000000004,
    "score_components": {
      "ai_relevance": 0.4,
      "evidence_score": 0.020000000000000004
    },
    "why_included": []
  }
]
