[
  {
    "id": "52a5b850-b159-43a7-b95b-2eec6039e43c",
    "company_research_run_id": "e17d5855-31f2-46ef-8ccd-9e3c85f7b713",
    "source_type": "text",
    "title": "Proof source B"
  },
  {
    "id": "f1d462c5-fc05-406c-bc8f-b5202b531218",
    "company_research_run_id": "597a883d-cc41-4b18-82bb-7dac274a31bf",
    "source_type": "text",
    "title": "Proof source A"
  },
  {
    "id": "918706b1-3be5-41ce-9d50-8868435ce3bb",
    "company_research_run_id": "3a227a75-a046-4fa9-8122-1ff846e0f31b",
    "source_type": "text",
    "title": "Proof source B"
  },
  {
    "id": "e8602960-f5fe-4ac7-a60d-03f198a4797b",
    "company_research_run_id": "052c3e80-7368-4a9d-b489-f695f681635d",
    "source_type": "text",
    "title": "Proof source A"
  },
  {
    "id": "826f9863-bd87-4e64-9b19-bb7c42540aad",
    "company_research_run_id": "c176ecf1-734f-47a6-9538-ce4bede00ecd",
    "source_type": "text",
    "title": "Proof source B"
  },
  {
    "id": "65e72c1f-8053-4415-bdb3-19889aedac88",
    "company_research_run_id": "d34b06f7-1311-47ad-b5e5-3fb79ebff774",
    "source_type": "text",
    "title": "Proof source A"
  },
  {
    "id": "2e2b928f-0ab3-4e16-a842-31c044f0bdf2",
    "company_research_run_id": "1c8d676d-46a6-4fc5-806e-5b6d4c945c15",
    "source_type": "text",
    "title": "Exec source B"
  },
  {
    "id": "956003a4-2c0d-4e63-a534-b3e72b1efd47",
    "company_research_run_id": "1c8d676d-46a6-4fc5-806e-5b6d4c945c15",
    "source_type": "text",
    "title": "Exec source A"
  },
  {
    "id": "c76042c5-3a46-42c3-9633-99cd253828d1",
    "company_research_run_id": "ff21e990-9e69-46d5-baf3-b70a389c99f8",
    "source_type": "text",
    "title": "Exec source A"
  },
  {
    "id": "71fc651f-3c59-46dc-a257-8481b1e92eb7",
    "company_research_run_id": "ff21e990-9e69-46d5-baf3-b70a389c99f8",
    "source_type": "text",
    "title": "Exec source B"
  }
]
