{
  "body": {
    "export": {
      "content_hash": "cf8ed914f72311d2a4b7efc2e4b7c0295e8cb9446f1fd4e753af4c2fedc4bd06",
      "created": true,
      "file_list": [
        "README.txt",
        "audit_summary.csv",
        "canonical_executives.csv",
        "canonical_executives.json",
        "companies.csv",
        "executive_decisions.csv",
        "executive_decisions.json",
        "executive_resolution_map.csv",
        "executive_resolution_map.json",
        "executives.csv",
        "merge_decisions.csv",
        "run_pack.json"
      ],
      "zip_path_or_url": "run_83f33ab6-c3d3-4d1a-ba4c-b935c6a6a3b8_pack.zip"
    },
    "run_id": "83f33ab6-c3d3-4d1a-ba4c-b935c6a6a3b8",
    "steps": [
      {
        "counts": null,
        "error": null,
        "ids": {
          "content_hash": "d2e41001ff7760df86fd37867450f8f9fa5c81240fd065712b2e3df84c721c53",
          "raw_source_id": "20b66b4b-b99e-4f1d-a16d-4ecfda52e5ef",
          "source_id": "0bf89a0d-7800-4a85-99a3-0d3dc3708f41"
        },
        "job_id": null,
        "name": "discovery",
        "status": "ok"
      },
      {
        "counts": {
          "accepted": 1
        },
        "error": null,
        "ids": {
          "accepted_prospect_ids": [
            "6048ed0e-fa3a-4a25-93a8-c1959bb501f5"
          ]
        },
        "job_id": null,
        "name": "review_gate",
        "status": "ok"
      },
      {
        "counts": null,
        "error": null,
        "ids": {
          "params_hash": "30da24cf95379b6dcb02f87f2488f9306969548a902e4f2362814de58908c407",
          "reused_reason": null
        },
        "job_id": "5b2dfe5c-55c6-407b-85c2-91d54cb9f81f",
        "name": "acquire_extract_enqueue",
        "status": "ok"
      },
      {
        "counts": {
          "external": {
            "companies_targeted": 1,
            "company_summaries": [
              {
                "company_name": "fixture seed",
                "company_prospect_id": "6048ed0e-fa3a-4a25-93a8-c1959bb501f5",
                "engine": "external",
                "evidence_created": 2,
                "executives_existing": 1,
                "executives_new": 1
              }
            ],
            "content_hash": "c2ace0ebba4b5af7c1a17f2dbca534ed2b94d44706672adaa08f4ddbb16a464f",
            "eligible_company_count": 1,
            "enrichment_id": "0a569526-c63e-46bd-996f-448bbab42e29",
            "evidence_created": 2,
            "executives_existing": 1,
            "executives_new": 1,
            "processed_company_count": 1,
            "request_source_id": "a7d8aead-3994-41b9-adcc-1ee3b54af6d5",
            "source_id": "8e95d6c8-7694-4cdd-be7d-a85edeac4311",
            "urls_created": 0,
            "urls_existing": 2
          },
          "internal": {
            "companies_targeted": 1,
            "company_summaries": [
              {
                "company_name": "fixture seed",
                "company_prospect_id": "6048ed0e-fa3a-4a25-93a8-c1959bb501f5",
                "engine": "internal",
                "evidence_created": 2,
                "executives_existing": 0,
                "executives_new": 2
              }
            ],
            "content_hash": "f22d87ec82b82d1b3e5d772e627b846a191ea2857b9799d9facfaeb5d8fad30a",
            "eligible_company_count": 1,
            "enrichment_id": "3b229913-5f05-4b66-976d-e497235d7feb",
            "evidence_created": 2,
            "executives_existing": 0,
            "executives_new": 2,
            "processed_company_count": 1,
            "request_source_id": "7b3633aa-c6b8-4a7b-950b-02d6e3f32d0d",
            "source_id": "fadc7e2f-20f0-4302-a101-e96d92b2a2e5",
            "urls_created": 1,
            "urls_existing": 1
          }
        },
        "error": null,
        "ids": null,
        "job_id": null,
        "name": "executive_discovery",
        "status": "ok"
      },
      {
        "counts": {
          "external_only_count": 1,
          "internal_only_count": 1,
          "matched_count": 0
        },
        "error": null,
        "ids": null,
        "job_id": null,
        "name": "compare_snapshot",
        "status": "ok"
      },
      {
        "counts": {
          "promoted": 1,
          "reused": 0
        },
        "error": null,
        "ids": {
          "executive_id": "77506a1a-fe6a-4d38-b1de-c09e65c14309"
        },
        "job_id": null,
        "name": "promote",
        "status": "ok"
      },
      {
        "counts": {
          "bytes": 5415,
          "files": 12
        },
        "error": null,
        "ids": null,
        "job_id": null,
        "name": "export_pack",
        "status": "ok"
      }
    ]
  },
  "status": 200
}