{
  "company_summaries": [
    {
      "company_name": "alpha exec eligible",
      "company_prospect_id": "6193b020-059f-4d9b-93cc-377be3a51ee4",
      "evidence_created": 2,
      "executives_existing": 0,
      "executives_new": 2,
      "source": "internal"
    }
  ],
  "eligible_company_count": 1,
  "external_result": null,
  "internal_result": {
    "companies_targeted": 1,
    "company_summaries": [
      {
        "company_name": "alpha exec eligible",
        "company_prospect_id": "6193b020-059f-4d9b-93cc-377be3a51ee4",
        "evidence_created": 2,
        "executives_existing": 0,
        "executives_new": 2
      }
    ],
    "content_hash": "ff937682ae68d0901a6ddca1a24dc83f1e3ac68e33c41d3e1446ba2702ba8115",
    "eligible_company_count": 1,
    "enrichment_id": "ffc0f364-e36b-4daa-af74-56bbb834318c",
    "evidence_created": 2,
    "executives_existing": 0,
    "executives_new": 2,
    "processed_company_count": 1,
    "source_id": "56a6022c-6266-4321-a14f-8785ec3e422d",
    "urls_created": 1,
    "urls_existing": 1
  },
  "mode": "internal",
  "processed_company_count": 1,
  "skipped": null
}