{
  "body": {
    "export": {
      "content_hash": "735573d75be00e878ca5e0bb0a16b91371bb56cc4b8246b24bccc0b13369b43b",
      "created": true,
      "file_list": [
        "README.txt",
        "audit_summary.csv",
        "canonical_executives.csv",
        "canonical_executives.json",
        "companies.csv",
        "executive_decisions.csv",
        "executive_decisions.json",
        "executive_resolution_map.csv",
        "executive_resolution_map.json",
        "executives.csv",
        "merge_decisions.csv",
        "run_pack.json"
      ],
      "zip_path_or_url": "run_83f33ab6-c3d3-4d1a-ba4c-b935c6a6a3b8_pack.zip"
    },
    "run_id": "83f33ab6-c3d3-4d1a-ba4c-b935c6a6a3b8",
    "steps": [
      {
        "counts": null,
        "error": null,
        "ids": {
          "content_hash": "d2e41001ff7760df86fd37867450f8f9fa5c81240fd065712b2e3df84c721c53",
          "raw_source_id": "20b66b4b-b99e-4f1d-a16d-4ecfda52e5ef",
          "source_id": "0bf89a0d-7800-4a85-99a3-0d3dc3708f41"
        },
        "job_id": null,
        "name": "discovery",
        "status": "ok"
      },
      {
        "counts": {
          "accepted": 2
        },
        "error": null,
        "ids": {
          "accepted_prospect_ids": [
            "05a7afca-de8b-46ce-91ac-253252c96dad",
            "6048ed0e-fa3a-4a25-93a8-c1959bb501f5"
          ]
        },
        "job_id": null,
        "name": "review_gate",
        "status": "ok"
      },
      {
        "counts": null,
        "error": null,
        "ids": {
          "params_hash": "30da24cf95379b6dcb02f87f2488f9306969548a902e4f2362814de58908c407",
          "reused_reason": "duplicate_succeeded"
        },
        "job_id": "5b2dfe5c-55c6-407b-85c2-91d54cb9f81f",
        "name": "acquire_extract_enqueue",
        "status": "ok"
      },
      {
        "counts": {
          "external": {
            "companies_targeted": 2,
            "company_summaries": [
              {
                "company_name": "fixture content",
                "company_prospect_id": "05a7afca-de8b-46ce-91ac-253252c96dad",
                "engine": "external",
                "evidence_created": 2,
                "executives_existing": 1,
                "executives_new": 1
              },
              {
                "company_name": "fixture seed",
                "company_prospect_id": "6048ed0e-fa3a-4a25-93a8-c1959bb501f5",
                "engine": "external",
                "evidence_created": 2,
                "executives_existing": 2,
                "executives_new": 0
              }
            ],
            "content_hash": "c20fb2a3ef2e407f37a3df0d4fe0674158f038b8cb6e87491514e203329728ab",
            "eligible_company_count": 2,
            "enrichment_id": "cb340c9f-423d-481e-abbd-057bb2404cca",
            "evidence_created": 4,
            "executives_existing": 3,
            "executives_new": 1,
            "processed_company_count": 2,
            "request_source_id": "7b471cab-a8ff-4e1b-a9c6-6f81ae6c4031",
            "source_id": "ce8d5e6f-d0ad-47a2-91bd-0c877a6575b2",
            "urls_created": 0,
            "urls_existing": 4
          },
          "internal": {
            "companies_targeted": 2,
            "company_summaries": [
              {
                "company_name": "fixture content",
                "company_prospect_id": "05a7afca-de8b-46ce-91ac-253252c96dad",
                "engine": "internal",
                "evidence_created": 2,
                "executives_existing": 0,
                "executives_new": 2
              },
              {
                "company_name": "fixture seed",
                "company_prospect_id": "6048ed0e-fa3a-4a25-93a8-c1959bb501f5",
                "engine": "internal",
                "evidence_created": 2,
                "executives_existing": 2,
                "executives_new": 0
              }
            ],
            "content_hash": "e182cc3b9cec85f433b32c8049ddc274c1c017cfda9b321aa1551504755bbf0d",
            "eligible_company_count": 2,
            "enrichment_id": "806ee3c2-dbd5-405f-8c2e-64aee7e28db7",
            "evidence_created": 4,
            "executives_existing": 2,
            "executives_new": 2,
            "processed_company_count": 2,
            "request_source_id": "0357440a-95a8-4382-9a92-76f9d2361449",
            "source_id": "15544305-f96b-4c85-bc7e-f1a7f153c621",
            "urls_created": 1,
            "urls_existing": 3
          }
        },
        "error": null,
        "ids": null,
        "job_id": null,
        "name": "executive_discovery",
        "status": "ok"
      },
      {
        "counts": {
          "external_only_count": 2,
          "internal_only_count": 2,
          "matched_count": 0
        },
        "error": null,
        "ids": null,
        "job_id": null,
        "name": "compare_snapshot",
        "status": "ok"
      },
      {
        "counts": {
          "promoted": 0,
          "reused": 1
        },
        "error": null,
        "ids": {
          "executive_id": "77506a1a-fe6a-4d38-b1de-c09e65c14309"
        },
        "job_id": null,
        "name": "promote",
        "status": "ok"
      },
      {
        "counts": {
          "bytes": 6591,
          "files": 12
        },
        "error": null,
        "ids": null,
        "job_id": null,
        "name": "export_pack",
        "status": "ok"
      }
    ]
  },
  "status": 200
}