[
  {
    "cancel_requested": false,
    "created_at": "2026-01-08T11:16:24.483732Z",
    "error_json": null,
    "finished_at": null,
    "job_id": "5b2dfe5c-55c6-407b-85c2-91d54cb9f81f",
    "params_hash": "30da24cf95379b6dcb02f87f2488f9306969548a902e4f2362814de58908c407",
    "params_json": {
      "force": false,
      "max_urls": 4
    },
    "progress_json": {},
    "run_id": "83f33ab6-c3d3-4d1a-ba4c-b935c6a6a3b8",
    "started_at": null,
    "status": "queued"
  },
  {
    "attempt_count": 1,
    "cancel_requested": false,
    "job_id": "5b2dfe5c-55c6-407b-85c2-91d54cb9f81f",
    "last_error": null,
    "params_hash": "30da24cf95379b6dcb02f87f2488f9306969548a902e4f2362814de58908c407",
    "status": "succeeded"
  },
  {
    "cancel_requested": false,
    "created_at": "2026-01-08T11:16:24.483732Z",
    "error_json": null,
    "finished_at": "2026-01-08T11:16:30.580565Z",
    "job_id": "5b2dfe5c-55c6-407b-85c2-91d54cb9f81f",
    "params_hash": "30da24cf95379b6dcb02f87f2488f9306969548a902e4f2362814de58908c407",
    "params_json": {
      "force": false,
      "max_urls": 4
    },
    "progress_json": {
      "classify": {
        "count": 8,
        "duplicates": 0,
        "processed": 0,
        "skipped": 5,
        "sources": [],
        "updated": 0
      },
      "extract": {
        "accepted": 1,
        "count": 3,
        "flagged": 2,
        "processed": 3,
        "rejected": 0,
        "skipped": 0,
        "sources": [
          {
            "decision": "accept",
            "id": "a3c1c507-4f7a-47a9-9a3b-810f27da83e1",
            "reason_codes": [],
            "word_count": 402
          },
          {
            "decision": "flag",
            "id": "7b3633aa-c6b8-4a7b-950b-02d6e3f32d0d",
            "reason_codes": [
              "FLAG_THIN_CONTENT",
              "FLAG_UNSUPPORTED_TYPE"
            ],
            "word_count": 140
          },
          {
            "decision": "flag",
            "id": "a7d8aead-3994-41b9-adcc-1ee3b54af6d5",
            "reason_codes": [
              "FLAG_THIN_CONTENT",
              "FLAG_UNSUPPORTED_TYPE"
            ],
            "word_count": 126
          }
        ]
      },
      "fetch": {
        "details": [
          {
            "attempt": 1,
            "error": null,
            "meta": {
              "attempt": 1,
              "canonical_source_id": "a3c1c507-4f7a-47a9-9a3b-810f27da83e1",
              "canonical_url": "http://127.0.0.1:8899/content_html",
              "deduped": false,
              "extraction_method": "generic_html",
              "http": {
                "bytes_read": 3073,
                "canonical_final_url": "http://127.0.0.1:8899/content_html",
                "content_length": "3073",
                "content_type": "text/html",
                "final_url": "http://127.0.0.1:8899/content_html",
                "headers": {
                  "content-length": "3073",
                  "content-type": "text/html",
                  "date": "Thu, 08 Jan 2026 11:16:27 GMT",
                  "server": "Phase4_13Fixture/1.0 Python/3.11.9"
                },
                "status_code": 200
              },
              "items_found": 0,
              "max_attempts": 3
            },
            "next_retry_at": null,
            "source_id": "a3c1c507-4f7a-47a9-9a3b-810f27da83e1",
            "status": "fetched",
            "url": "http://127.0.0.1:8899/content_html"
          },
          {
            "attempt": 1,
            "error": "HTTP 404",
            "meta": {
              "attempt": 1,
              "backoff_seconds": 30,
              "canonical_url": "https://example.com/fixture-seed",
              "error": "HTTP 404",
              "extraction_method": "http_error",
              "http": {
                "bytes_read": 513,
                "canonical_final_url": "https://example.com/fixture-seed",
                "content_length": "513",
                "content_type": "text/html",
                "final_url": "https://example.com/fixture-seed",
                "headers": {
                  "age": "94",
                  "cf-cache-status": "HIT",
                  "cf-ray": "9bab4875cf635e2e-KIV",
                  "connection": "keep-alive",
                  "content-encoding": "gzip",
                  "content-type": "text/html",
                  "date": "Thu, 08 Jan 2026 11:16:29 GMT",
                  "server": "cloudflare",
                  "transfer-encoding": "chunked",
                  "vary": "Accept-Encoding"
                },
                "status_code": 404
              },
              "items_found": 0,
              "max_attempts": 3,
              "next_retry_at": "2026-01-08T11:17:00.339062+00:00",
              "retry_reason": "http_error_or_status"
            },
            "next_retry_at": "2026-01-08T11:17:00.339062+00:00",
            "source_id": "0583925c-008e-4514-af39-f55b43b0fa43",
            "status": "failed",
            "url": "https://example.com/fixture-seed"
          }
        ],
        "failed": 1,
        "fetched": 1,
        "force": false,
        "limited": false,
        "next_retry_at": "2026-01-08T11:17:00.339062+00:00",
        "pending_recheck": false,
        "pending_recheck_next_retry_at": null,
        "processed": 2,
        "retry_backoff_seconds": 29,
        "retry_scheduled": true,
        "selected": 2,
        "skipped": false,
        "terminal_failures": 0
      },
      "inputs": {
        "force": false,
        "max_urls": 4
      },
      "process": {
        "companies_existing": 0,
        "companies_found": 1,
        "companies_new": 1,
        "processed": 3,
        "sources_detail": [
          {
            "chars": 3005,
            "existing": 0,
            "extracted": 1,
            "lines": 3,
            "new": 1,
            "source_id": "a3c1c507-4f7a-47a9-9a3b-810f27da83e1",
            "title": "seed_url"
          },
          {
            "chars": 1175,
            "existing": 0,
            "extracted": 0,
            "lines": 1,
            "new": 0,
            "source_id": "7b3633aa-c6b8-4a7b-950b-02d6e3f32d0d",
            "title": "Internal Executive Discovery"
          },
          {
            "chars": 1075,
            "existing": 0,
            "extracted": 0,
            "lines": 1,
            "new": 0,
            "source_id": "a7d8aead-3994-41b9-adcc-1ee3b54af6d5",
            "title": "External Executive Discovery"
          }
        ]
      },
      "source_ids_touched": [
        "0583925c-008e-4514-af39-f55b43b0fa43",
        "7b3633aa-c6b8-4a7b-950b-02d6e3f32d0d",
        "a3c1c507-4f7a-47a9-9a3b-810f27da83e1",
        "a7d8aead-3994-41b9-adcc-1ee3b54af6d5"
      ],
      "status": "warn"
    },
    "run_id": "83f33ab6-c3d3-4d1a-ba4c-b935c6a6a3b8",
    "started_at": "2026-01-08T11:16:26.783471Z",
    "status": "succeeded"
  }
]