[
  {
    "id": "e7a1346c-0d38-4e87-ab0e-b01712b32f19",
    "tenant_id": "b3909011-8bd3-439d-a421-3b70fae124e9",
    "created_at": "2026-01-04T18:31:24.276854Z",
    "updated_at": "2026-01-04T18:31:32.276402Z",
    "company_research_run_id": "2c2b3468-80b0-4d20-8f35-cda687c63702",
    "source_type": "url",
    "title": "fixture_pdf",
    "original_url": "http://127.0.0.1:63801/pdf",
    "url": "http://127.0.0.1:63801/pdf",
    "url_normalized": "http://127.0.0.1:63801/pdf",
    "canonical_final_url": "http://127.0.0.1:63801/pdf",
    "canonical_source_id": null,
    "file_name": null,
    "content_text": "Deterministic PDF Fixture",
    "content_hash": "3a73df6be9a158f12c06137bf38a6e15729b596a7e3f7738d858293ac05da1c8",
    "content_size": null,
    "mime_type": "application/pdf",
    "status": "fetched",
    "error_message": null,
    "last_error": null,
    "attempt_count": 1,
    "max_attempts": 3,
    "next_retry_at": null,
    "fetched_at": "2026-01-04T18:31:32.089058Z",
    "meta": {
      "kind": "url",
      "extraction": {
        "version": "5.1.0",
        "decision": "reject",
        "text_hash": "3a73df6be9a158f12c06137bf38a6e15729b596a7e3f7738d858293ac05da1c8",
        "char_count": 25,
        "line_count": 1,
        "page_count": 1,
        "thresholds": {
          "min_words": 50,
          "min_words_pdf": 50,
          "min_words_html": 150
        },
        "word_count": 3,
        "extracted_at": "2026-01-04T18:31:32.152885+00:00",
        "reason_codes": [
          "REJECT_THIN_CONTENT"
        ],
        "mime_type_used": "application/pdf",
        "pdf_bytes_present": true,
        "template_signature": "3a73df6be9a158f12c06137bf38a6e15729b596a7e3f7738d858293ac05da1c8",
        "source_material_hash": "1330c70e85096a4ca2da5c7805ace7fe0f77c3831271d4ae6ed1d36d9bc1f42a"
      },
      "fetch_info": {
        "http": {
          "headers": {
            "date": "Sun, 04 Jan 2026 18:31:32 GMT",
            "server": "Phase4_13Fixture/1.0 Python/3.11.9",
            "content-type": "application/pdf",
            "content-length": "600"
          },
          "final_url": "http://127.0.0.1:63801/pdf",
          "bytes_read": 600,
          "status_code": 200,
          "content_type": "application/pdf",
          "content_length": "600",
          "canonical_final_url": "http://127.0.0.1:63801/pdf"
        },
        "attempt": 1,
        "bytes_read": 600,
        "items_found": 0,
        "max_attempts": 3,
        "canonical_url": "http://127.0.0.1:63801/pdf",
        "extraction_method": "pdf_raw"
      },
      "processed_at": "2026-01-04T18:31:32.263375+00:00",
      "fetch_attempt": 1,
      "fetch_options": {
        "headers": null,
        "timeout_seconds": 30
      },
      "quality_flags": {
        "is_thin": true,
        "is_error_page": false,
        "is_paywall_or_login": false,
        "is_unsupported_type": false,
        "is_pdf_bytes_missing": false,
        "is_unextractable_pdf": false,
        "is_duplicate_template": false
      },
      "submitted_via": "api",
      "processed_summary": {
        "new": 1,
        "existing": 0,
        "extracted": 1
      }
    },
    "http_status_code": 200,
    "http_headers": {
      "date": "Sun, 04 Jan 2026 18:31:32 GMT",
      "server": "Phase4_13Fixture/1.0 Python/3.11.9",
      "content-type": "application/pdf",
      "content-length": "600"
    },
    "http_error_message": null,
    "http_final_url": "http://127.0.0.1:63801/pdf"
  },
  {
    "id": "56a6c7a4-1b78-4894-9d0b-cfebda9c1689",
    "tenant_id": "b3909011-8bd3-439d-a421-3b70fae124e9",
    "created_at": "2026-01-04T18:31:24.249277Z",
    "updated_at": "2026-01-04T18:31:32.261777Z",
    "company_research_run_id": "2c2b3468-80b0-4d20-8f35-cda687c63702",
    "source_type": "url",
    "title": "login_html",
    "original_url": "http://127.0.0.1:63801/login_html",
    "url": "http://127.0.0.1:63801/login_html",
    "url_normalized": "http://127.0.0.1:63801/login_html",
    "canonical_final_url": "http://127.0.0.1:63801/login_html",
    "canonical_source_id": "56a6c7a4-1b78-4894-9d0b-cfebda9c1689",
    "file_name": null,
    "content_text": "Sign in Required\nPlease sign in or subscribe to continue.",
    "content_hash": "f614b0f29acab1bcbe51e4fb95e5f584503fa9e416a43503f8271640686af65f",
    "content_size": null,
    "mime_type": "text/html",
    "status": "fetched",
    "error_message": null,
    "last_error": null,
    "attempt_count": 1,
    "max_attempts": 3,
    "next_retry_at": null,
    "fetched_at": "2026-01-04T18:31:31.795664Z",
    "meta": {
      "kind": "url",
      "extraction": {
        "version": "5.1.0",
        "decision": "reject",
        "text_hash": "f614b0f29acab1bcbe51e4fb95e5f584503fa9e416a43503f8271640686af65f",
        "char_count": 57,
        "line_count": 2,
        "thresholds": {
          "min_words": 150,
          "min_words_pdf": 50,
          "min_words_html": 150
        },
        "word_count": 10,
        "extracted_at": "2026-01-04T18:31:32.152885+00:00",
        "reason_codes": [
          "FLAG_PAYWALL_OR_LOGIN",
          "REJECT_THIN_CONTENT"
        ],
        "mime_type_used": "text/html",
        "pdf_bytes_present": false,
        "template_signature": "f614b0f29acab1bcbe51e4fb95e5f584503fa9e416a43503f8271640686af65f",
        "source_material_hash": "f614b0f29acab1bcbe51e4fb95e5f584503fa9e416a43503f8271640686af65f"
      },
      "fetch_info": {
        "http": {
          "headers": {
            "date": "Sun, 04 Jan 2026 18:31:31 GMT",
            "server": "Phase4_13Fixture/1.0 Python/3.11.9",
            "content-type": "text/html",
            "content-length": "110"
          },
          "final_url": "http://127.0.0.1:63801/login_html",
          "bytes_read": 110,
          "status_code": 200,
          "content_type": "text/html",
          "content_length": "110",
          "canonical_final_url": "http://127.0.0.1:63801/login_html"
        },
        "attempt": 1,
        "deduped": false,
        "items_found": 0,
        "max_attempts": 3,
        "canonical_url": "http://127.0.0.1:63801/login_html",
        "extraction_method": "generic_html",
        "canonical_source_id": "56a6c7a4-1b78-4894-9d0b-cfebda9c1689"
      },
      "processed_at": "2026-01-04T18:31:32.249591+00:00",
      "fetch_attempt": 1,
      "fetch_options": {
        "headers": null,
        "timeout_seconds": 30
      },
      "quality_flags": {
        "is_thin": true,
        "is_error_page": false,
        "is_paywall_or_login": true,
        "is_unsupported_type": false,
        "is_pdf_bytes_missing": false,
        "is_unextractable_pdf": false,
        "is_duplicate_template": false
      },
      "submitted_via": "api",
      "processed_summary": {
        "new": 1,
        "existing": 0,
        "extracted": 1
      }
    },
    "http_status_code": 200,
    "http_headers": {
      "date": "Sun, 04 Jan 2026 18:31:31 GMT",
      "server": "Phase4_13Fixture/1.0 Python/3.11.9",
      "content-type": "text/html",
      "content-length": "110"
    },
    "http_error_message": null,
    "http_final_url": "http://127.0.0.1:63801/login_html"
  },
  {
    "id": "2a7111a0-1c47-4ddf-bcdb-112db746498c",
    "tenant_id": "b3909011-8bd3-439d-a421-3b70fae124e9",
    "created_at": "2026-01-04T18:31:24.235382Z",
    "updated_at": "2026-01-04T18:31:32.246830Z",
    "company_research_run_id": "2c2b3468-80b0-4d20-8f35-cda687c63702",
    "source_type": "url",
    "title": "thin_html",
    "original_url": "http://127.0.0.1:63801/thin_html",
    "url": "http://127.0.0.1:63801/thin_html",
    "url_normalized": "http://127.0.0.1:63801/thin_html",
    "canonical_final_url": "http://127.0.0.1:63801/thin_html",
    "canonical_source_id": "2a7111a0-1c47-4ddf-bcdb-112db746498c",
    "file_name": null,
    "content_text": "Hi",
    "content_hash": "3639efcd08abb273b1619e82e78c29a7df02c1051b1820e99fc395dcaa3326b8",
    "content_size": null,
    "mime_type": "text/html",
    "status": "fetched",
    "error_message": null,
    "last_error": null,
    "attempt_count": 1,
    "max_attempts": 3,
    "next_retry_at": null,
    "fetched_at": "2026-01-04T18:31:30.654463Z",
    "meta": {
      "kind": "url",
      "extraction": {
        "version": "5.1.0",
        "decision": "reject",
        "text_hash": "3639efcd08abb273b1619e82e78c29a7df02c1051b1820e99fc395dcaa3326b8",
        "char_count": 2,
        "line_count": 1,
        "thresholds": {
          "min_words": 150,
          "min_words_pdf": 50,
          "min_words_html": 150
        },
        "word_count": 1,
        "extracted_at": "2026-01-04T18:31:32.149312+00:00",
        "reason_codes": [
          "REJECT_THIN_CONTENT"
        ],
        "mime_type_used": "text/html",
        "pdf_bytes_present": false,
        "template_signature": "3639efcd08abb273b1619e82e78c29a7df02c1051b1820e99fc395dcaa3326b8",
        "source_material_hash": "3639efcd08abb273b1619e82e78c29a7df02c1051b1820e99fc395dcaa3326b8"
      },
      "fetch_info": {
        "http": {
          "headers": {
            "date": "Sun, 04 Jan 2026 18:31:30 GMT",
            "server": "Phase4_13Fixture/1.0 Python/3.11.9",
            "content-type": "text/html",
            "content-length": "35"
          },
          "final_url": "http://127.0.0.1:63801/thin_html",
          "bytes_read": 35,
          "status_code": 200,
          "content_type": "text/html",
          "content_length": "35",
          "canonical_final_url": "http://127.0.0.1:63801/thin_html"
        },
        "attempt": 1,
        "deduped": false,
        "items_found": 0,
        "max_attempts": 3,
        "canonical_url": "http://127.0.0.1:63801/thin_html",
        "extraction_method": "generic_html",
        "canonical_source_id": "2a7111a0-1c47-4ddf-bcdb-112db746498c"
      },
      "processed_at": "2026-01-04T18:31:32.247207+00:00",
      "fetch_attempt": 1,
      "fetch_options": {
        "headers": null,
        "timeout_seconds": 30
      },
      "quality_flags": {
        "is_thin": true,
        "is_error_page": false,
        "is_paywall_or_login": false,
        "is_unsupported_type": false,
        "is_pdf_bytes_missing": false,
        "is_unextractable_pdf": false,
        "is_duplicate_template": false
      },
      "submitted_via": "api",
      "processed_summary": {
        "new": 0,
        "existing": 0,
        "extracted": 0
      }
    },
    "http_status_code": 200,
    "http_headers": {
      "date": "Sun, 04 Jan 2026 18:31:30 GMT",
      "server": "Phase4_13Fixture/1.0 Python/3.11.9",
      "content-type": "text/html",
      "content-length": "35"
    },
    "http_error_message": null,
    "http_final_url": "http://127.0.0.1:63801/thin_html"
  },
  {
    "id": "ed499f83-5022-4ab8-ab5b-b0201f0eacfd",
    "tenant_id": "b3909011-8bd3-439d-a421-3b70fae124e9",
    "created_at": "2026-01-04T18:31:24.221067Z",
    "updated_at": "2026-01-04T18:31:32.238207Z",
    "company_research_run_id": "2c2b3468-80b0-4d20-8f35-cda687c63702",
    "source_type": "url",
    "title": "content_html_variant",
    "original_url": "http://127.0.0.1:63801/content_html_variant",
    "url": "http://127.0.0.1:63801/content_html_variant",
    "url_normalized": "http://127.0.0.1:63801/content_html_variant",
    "canonical_final_url": "http://127.0.0.1:63801/content_html_variant",
    "canonical_source_id": "ed499f83-5022-4ab8-ab5b-b0201f0eacfd",
    "file_name": null,
    "content_text": "Fixture Content\nFixture Content\nDeterministic fixture text for extraction quality checks. Orion Analytics builds secure telemetry platforms for spacecraft, while Harbor Navigation automates port logistics with resilient APIs. Each release ships with observability, rate limits, and typed contracts for safety-critical integrations. Deterministic fixture text for extraction quality checks. Orion Analytics builds secure telemetry platforms for spacecraft, while Harbor Navigation automates port logistics with resilient APIs. Each release ships with observability, rate limits, and typed contracts for safety-critical integrations. Deterministic fixture text for extraction quality checks. Orion Analytics builds secure telemetry platforms for spacecraft, while Harbor Navigation automates port logistics with resilient APIs. Each release ships with observability, rate limits, and typed contracts for safety-critical integrations. Deterministic fixture text for extraction quality checks. Orion Analytics builds secure telemetry platforms for spacecraft, while Harbor Navigation automates port logistics with resilient APIs. Each release ships with observability, rate limits, and typed contracts for safety-critical integrations. Deterministic fixture text for extraction quality checks. Orion Analytics builds secure telemetry platforms for spacecraft, while Harbor Navigation automates port logistics with resilient APIs. Each release ships with observability, rate limits, and typed contracts for safety-critical integrations. Deterministic fixture text for extraction quality checks. Orion Analytics builds secure telemetry platforms for spacecraft, while Harbor Navigation automates port logistics with resilient APIs. Each release ships with observability, rate limits, and typed contracts for safety-critical integrations. Deterministic fixture text for extraction quality checks. Orion Analytics builds secure telemetry platforms for spacecraft, while Harbor Navigation automates port logistics with resilient APIs. Each release ships with observability, rate limits, and typed contracts for safety-critical integrations. Deterministic fixture text for extraction quality checks. Orion Analytics builds secure telemetry platforms for spacecraft, while Harbor Navigation automates port logistics with resilient APIs. Each release ships with observability, rate limits, and typed contracts for safety-critical integrations. Deterministic fixture text for extraction quality checks. Orion Analytics builds secure telemetry platforms for spacecraft, while Harbor Navigation automates port logistics with resilient APIs. Each release ships with observability, rate limits, and typed contracts for safety-critical integrations. Deterministic fixture text for extraction quality checks. Orion Analytics builds secure telemetry platforms for spacecraft, while Harbor Navigation automates port logistics with resilient APIs. Each release ships with observability, rate limits, and typed contracts for safety-critical integrations. Deterministic fixture text for extraction quality checks. Orion Analytics builds secure telemetry platforms for spacecraft, while Harbor Navigation automates port logistics with resilient APIs. Each release ships with observability, rate limits, and typed contracts for safety-critical integrations. Deterministic fixture text for extraction quality checks. Orion Analytics builds secure telemetry platforms for spacecraft, while Harbor Navigation automates port logistics with resilient APIs. Each release ships with observability, rate limits, and typed contracts for safety-critical integrations. Deterministic fixture text for extraction quality checks. Orion Analytics builds secure telemetry platforms for spacecraft, while Harbor Navigation automates port logistics with resilient APIs. Each release ships with observability, rate limits, and typed contracts for safety-critical integrations. Deterministic fixture text for extraction quality checks. Orion Analytics builds secure telemetry platforms for spacecraft, while Harbor Navigation automates port logistics with resilient APIs. Each release ships with observability, rate limits, and typed contracts for safety-critical integrations. Deterministic fixture text for extraction quality checks. Orion Analytics builds secure telemetry platforms for spacecraft, while Harbor Navigation automates port logistics with resilient APIs. Each release ships with observability, rate limits, and typed contracts for safety-critical integrations. Deterministic fixture text for extraction quality checks. Orion Analytics builds secure telemetry platforms for spacecraft, while Harbor Navigation automates port logistics with resilient APIs. Each release ships with observability, rate limits, and typed contracts for safety-critical integrations. Deterministic fixture text for extraction quality checks. Orion Analytics builds secure telemetry platforms for spacecraft, while Harbor Navigation automates port logistics with resilient APIs. Each release ships with observability, rate limits, and typed contracts for safety-critical integrations. Deterministic fixture text for extraction quality checks. Orion Analytics builds secure telemetry platforms for spacecraft, while Harbor Navigation automates port logistics with resilient APIs. Each release ships with observability, rate limits, and typed contracts for safety-critical integrations. Deterministic fixture text for extraction quality checks. Orion Analytics builds secure telemetry platforms for spacecraft, while Harbor Navigation automates port logistics with resilient APIs. Each release ships with observability, rate limits, and typed contracts for safety-critical integrations. Deterministic fixture text for extraction quality checks. Orion Analytics builds secure telemetry platforms for spacecraft, while Harbor Navigation automates port logistics with resilient APIs. Each release ships with observability, rate limits, and typed contracts for safety-critical integrations. Deterministic fixture text for extraction quality checks. Orion Analytics builds secure telemetry platforms for spacecraft, while Harbor Navigation automates port logistics with resilient APIs. Each release ships with observability, rate limits, and typed contracts for safety-critical integrations. Deterministic fixture text for extraction quality checks. Orion Analytics builds secure telemetry platforms for spacecraft, while Harbor Navigation automates port logistics with resilient APIs. Each release ships with observability, rate limits, and typed contracts for safety-critical integrations. Deterministic fixture text for extraction quality checks. Orion Analytics builds secure telemetry platforms for spacecraft, while Harbor Navigation automates port logistics with resilient APIs. Each release ships with observability, rate limits, and typed contracts for safety-critical integrations. Deterministic fixture text for extraction quality checks. Orion Analytics builds secure telemetry platforms for spacecraft, while Harbor Navigation automates port logistics with resilient APIs. Each release ships with observability, rate limits, and typed contracts for safety-critical integrations. Deterministic fixture text for extraction quality checks. Orion Analytics builds secure telemetry platforms for spacecraft, while Harbor Navigation automates port logistics with resilient APIs. Each release ships with observability, rate limits, and typed contracts for safety-critical integrations. Deterministic fixture text for extraction quality checks. Orion Analytics builds secure telemetry platforms for spacecraft, while Harbor Navigation automates port logistics with resilient APIs. Each release ships with observability, rate limits, and typed contracts for safety-critical integrations. Deterministic fixture text for extraction quality checks. Orion Analytics builds secure telemetry platforms for spacecraft, while Harbor Navigation automates port logistics with resilient APIs. Each release ships with observability, rate limits, and typed contracts for safety-critical integrations. Deterministic fixture text for extraction quality checks. Orion Analytics builds secure telemetry platforms for spacecraft, while Harbor Navigation automates port logistics with resilient APIs. Each release ships with observability, rate limits, and typed contracts for safety-critical integrations. Deterministic fixture text for extraction quality checks. Orion Analytics builds secure telemetry platforms for spacecraft, while Harbor Navigation automates port logistics with resilient APIs. Each release ships with observability, rate limits, and typed contracts for safety-critical integrations. Deterministic fixture text for extraction quality checks. Orion Analytics builds secure telemetry platforms for spacecraft, while Harbor Navigation automates port logistics with resilient APIs. Each release ships with observability, rate limits, and typed contracts for safety-critical integrations. Deterministic fixture text for extraction quality checks. Orion Analytics builds secure telemetry platforms for spacecraft, while Harbor Navigation automates port logistics with resilient APIs. Each release ships with observability, rate limits, and typed contracts for safety-critical integrations. Deterministic fixture text for extraction quality checks. Orion Analytics builds secure telemetry platforms for spacecraft, while Harbor Navigation automates port logistics with resilient APIs. Each release ships with observability, rate limits, and typed contracts for safety-critical integrations. Deterministic fixture text for extraction quality checks. Orion Analytics builds secure telemetry platforms for spacecraft, while Harbor Navigation automates port logistics with resilient APIs. Each release ships with observability, rate limits, and typed contracts for safety-critical integrations. Deterministic fixture text for extraction quality checks. Orion Analytics builds secure telemetry platforms for spacecraft, while Harbor Navigation automates port logistics with resilient APIs. Each release ships with observability, rate limits, and typed contracts for safety-critical integrations. Deterministic fixture text for extraction quality checks. Orion Analytics builds secure telemetry platforms for spacecraft, while Harbor Navigation automates port logistics with resilient APIs. Each release ships with observability, rate limits, and typed contracts for safety-critical integrations. Deterministic fixture text for extraction quality checks. Orion Analytics builds secure telemetry platforms for spacecraft, while Harbor Navigation automates port logistics with resilient APIs. Each release ships with observability, rate limits, and typed contracts for safety-critical integrations. Deterministic fixture text for extraction quality checks. Orion Analytics builds secure telemetry platforms for spacecraft, while Harbor Navigation automates port logistics with resilient APIs. Each release ships with observability, rate limits, and typed contracts for safety-critical integrations. Deterministic fixture text for extraction quality checks. Orion Analytics builds secure telemetry platforms for spacecraft, while Harbor Navigation automates port logistics with resilient APIs. Each release ships with observability, rate limits, and typed contracts for safety-critical integrations. Deterministic fixture text for extraction quality checks. Orion Analytics builds secure telemetry platforms for spacecraft, while Harbor Navigation automates port logistics with resilient APIs. Each release ships with observability, rate limits, and typed contracts for safety-critical integrations. Deterministic fixture text for extraction quality checks. Orion Analytics builds secure telemetry platforms for spacecraft, while Harbor Navigation automates port logistics with resilient APIs. Each release ships with observability, rate limits, and typed contracts for safety-critical integrations. Variant marker B to force a different hash while keeping the template signature stable.",
    "content_hash": "7e0bf05149dab2f4ba83e9037f8b6ee4bed64e6b006a51c29fbc26cfea3bf86d",
    "content_size": null,
    "mime_type": "text/html",
    "status": "fetched",
    "error_message": null,
    "last_error": null,
    "attempt_count": 1,
    "max_attempts": 3,
    "next_retry_at": null,
    "fetched_at": "2026-01-04T18:31:30.345616Z",
    "meta": {
      "kind": "url",
      "extraction": {
        "version": "5.1.0",
        "decision": "flag",
        "text_hash": "7e0bf05149dab2f4ba83e9037f8b6ee4bed64e6b006a51c29fbc26cfea3bf86d",
        "char_count": 12119,
        "line_count": 3,
        "thresholds": {
          "min_words": 150,
          "min_words_pdf": 50,
          "min_words_html": 150
        },
        "word_count": 1538,
        "extracted_at": "2026-01-04T18:31:32.137144+00:00",
        "reason_codes": [
          "FLAG_DUPLICATE_TEMPLATE"
        ],
        "mime_type_used": "text/html",
        "pdf_bytes_present": false,
        "template_signature": "2e8398f2031d324e734293aaa380b210479f66370ae746c25f6ec7408d38f9cd",
        "source_material_hash": "7e0bf05149dab2f4ba83e9037f8b6ee4bed64e6b006a51c29fbc26cfea3bf86d"
      },
      "fetch_info": {
        "http": {
          "headers": {
            "date": "Sun, 04 Jan 2026 18:31:29 GMT",
            "server": "Phase4_13Fixture/1.0 Python/3.11.9",
            "content-type": "text/html",
            "content-length": "12187"
          },
          "final_url": "http://127.0.0.1:63801/content_html_variant",
          "bytes_read": 12187,
          "status_code": 200,
          "content_type": "text/html",
          "content_length": "12187",
          "canonical_final_url": "http://127.0.0.1:63801/content_html_variant"
        },
        "attempt": 1,
        "deduped": false,
        "items_found": 0,
        "max_attempts": 3,
        "canonical_url": "http://127.0.0.1:63801/content_html_variant",
        "extraction_method": "generic_html",
        "canonical_source_id": "ed499f83-5022-4ab8-ab5b-b0201f0eacfd"
      },
      "processed_at": "2026-01-04T18:31:32.231552+00:00",
      "fetch_attempt": 1,
      "fetch_options": {
        "headers": null,
        "timeout_seconds": 30
      },
      "quality_flags": {
        "is_thin": false,
        "is_error_page": false,
        "is_paywall_or_login": false,
        "is_unsupported_type": false,
        "is_pdf_bytes_missing": false,
        "is_unextractable_pdf": false,
        "is_duplicate_template": true
      },
      "submitted_via": "api",
      "processed_summary": {
        "new": 0,
        "existing": 1,
        "extracted": 1
      }
    },
    "http_status_code": 200,
    "http_headers": {
      "date": "Sun, 04 Jan 2026 18:31:29 GMT",
      "server": "Phase4_13Fixture/1.0 Python/3.11.9",
      "content-type": "text/html",
      "content-length": "12187"
    },
    "http_error_message": null,
    "http_final_url": "http://127.0.0.1:63801/content_html_variant"
  },
  {
    "id": "0a7f6bef-7826-4178-b92b-d31a5ec4979b",
    "tenant_id": "b3909011-8bd3-439d-a421-3b70fae124e9",
    "created_at": "2026-01-04T18:31:24.206156Z",
    "updated_at": "2026-01-04T18:31:32.225063Z",
    "company_research_run_id": "2c2b3468-80b0-4d20-8f35-cda687c63702",
    "source_type": "url",
    "title": "content_html",
    "original_url": "http://127.0.0.1:63801/content_html",
    "url": "http://127.0.0.1:63801/content_html",
    "url_normalized": "http://127.0.0.1:63801/content_html",
    "canonical_final_url": "http://127.0.0.1:63801/content_html",
    "canonical_source_id": "0a7f6bef-7826-4178-b92b-d31a5ec4979b",
    "file_name": null,
    "content_text": "Fixture Content\nFixture Content\nDeterministic fixture text for extraction quality checks. Orion Analytics builds secure telemetry platforms for spacecraft, while Harbor Navigation automates port logistics with resilient APIs. Each release ships with observability, rate limits, and typed contracts for safety-critical integrations. Deterministic fixture text for extraction quality checks. Orion Analytics builds secure telemetry platforms for spacecraft, while Harbor Navigation automates port logistics with resilient APIs. Each release ships with observability, rate limits, and typed contracts for safety-critical integrations. Deterministic fixture text for extraction quality checks. Orion Analytics builds secure telemetry platforms for spacecraft, while Harbor Navigation automates port logistics with resilient APIs. Each release ships with observability, rate limits, and typed contracts for safety-critical integrations. Deterministic fixture text for extraction quality checks. Orion Analytics builds secure telemetry platforms for spacecraft, while Harbor Navigation automates port logistics with resilient APIs. Each release ships with observability, rate limits, and typed contracts for safety-critical integrations. Deterministic fixture text for extraction quality checks. Orion Analytics builds secure telemetry platforms for spacecraft, while Harbor Navigation automates port logistics with resilient APIs. Each release ships with observability, rate limits, and typed contracts for safety-critical integrations. Deterministic fixture text for extraction quality checks. Orion Analytics builds secure telemetry platforms for spacecraft, while Harbor Navigation automates port logistics with resilient APIs. Each release ships with observability, rate limits, and typed contracts for safety-critical integrations. Deterministic fixture text for extraction quality checks. Orion Analytics builds secure telemetry platforms for spacecraft, while Harbor Navigation automates port logistics with resilient APIs. Each release ships with observability, rate limits, and typed contracts for safety-critical integrations. Deterministic fixture text for extraction quality checks. Orion Analytics builds secure telemetry platforms for spacecraft, while Harbor Navigation automates port logistics with resilient APIs. Each release ships with observability, rate limits, and typed contracts for safety-critical integrations. Deterministic fixture text for extraction quality checks. Orion Analytics builds secure telemetry platforms for spacecraft, while Harbor Navigation automates port logistics with resilient APIs. Each release ships with observability, rate limits, and typed contracts for safety-critical integrations. Deterministic fixture text for extraction quality checks. Orion Analytics builds secure telemetry platforms for spacecraft, while Harbor Navigation automates port logistics with resilient APIs. Each release ships with observability, rate limits, and typed contracts for safety-critical integrations. Deterministic fixture text for extraction quality checks. Orion Analytics builds secure telemetry platforms for spacecraft, while Harbor Navigation automates port logistics with resilient APIs. Each release ships with observability, rate limits, and typed contracts for safety-critical integrations. Deterministic fixture text for extraction quality checks. Orion Analytics builds secure telemetry platforms for spacecraft, while Harbor Navigation automates port logistics with resilient APIs. Each release ships with observability, rate limits, and typed contracts for safety-critical integrations. Deterministic fixture text for extraction quality checks. Orion Analytics builds secure telemetry platforms for spacecraft, while Harbor Navigation automates port logistics with resilient APIs. Each release ships with observability, rate limits, and typed contracts for safety-critical integrations. Deterministic fixture text for extraction quality checks. Orion Analytics builds secure telemetry platforms for spacecraft, while Harbor Navigation automates port logistics with resilient APIs. Each release ships with observability, rate limits, and typed contracts for safety-critical integrations. Deterministic fixture text for extraction quality checks. Orion Analytics builds secure telemetry platforms for spacecraft, while Harbor Navigation automates port logistics with resilient APIs. Each release ships with observability, rate limits, and typed contracts for safety-critical integrations. Deterministic fixture text for extraction quality checks. Orion Analytics builds secure telemetry platforms for spacecraft, while Harbor Navigation automates port logistics with resilient APIs. Each release ships with observability, rate limits, and typed contracts for safety-critical integrations. Deterministic fixture text for extraction quality checks. Orion Analytics builds secure telemetry platforms for spacecraft, while Harbor Navigation automates port logistics with resilient APIs. Each release ships with observability, rate limits, and typed contracts for safety-critical integrations. Deterministic fixture text for extraction quality checks. Orion Analytics builds secure telemetry platforms for spacecraft, while Harbor Navigation automates port logistics with resilient APIs. Each release ships with observability, rate limits, and typed contracts for safety-critical integrations. Deterministic fixture text for extraction quality checks. Orion Analytics builds secure telemetry platforms for spacecraft, while Harbor Navigation automates port logistics with resilient APIs. Each release ships with observability, rate limits, and typed contracts for safety-critical integrations. Deterministic fixture text for extraction quality checks. Orion Analytics builds secure telemetry platforms for spacecraft, while Harbor Navigation automates port logistics with resilient APIs. Each release ships with observability, rate limits, and typed contracts for safety-critical integrations. Deterministic fixture text for extraction quality checks. Orion Analytics builds secure telemetry platforms for spacecraft, while Harbor Navigation automates port logistics with resilient APIs. Each release ships with observability, rate limits, and typed contracts for safety-critical integrations. Deterministic fixture text for extraction quality checks. Orion Analytics builds secure telemetry platforms for spacecraft, while Harbor Navigation automates port logistics with resilient APIs. Each release ships with observability, rate limits, and typed contracts for safety-critical integrations. Deterministic fixture text for extraction quality checks. Orion Analytics builds secure telemetry platforms for spacecraft, while Harbor Navigation automates port logistics with resilient APIs. Each release ships with observability, rate limits, and typed contracts for safety-critical integrations. Deterministic fixture text for extraction quality checks. Orion Analytics builds secure telemetry platforms for spacecraft, while Harbor Navigation automates port logistics with resilient APIs. Each release ships with observability, rate limits, and typed contracts for safety-critical integrations. Deterministic fixture text for extraction quality checks. Orion Analytics builds secure telemetry platforms for spacecraft, while Harbor Navigation automates port logistics with resilient APIs. Each release ships with observability, rate limits, and typed contracts for safety-critical integrations. Deterministic fixture text for extraction quality checks. Orion Analytics builds secure telemetry platforms for spacecraft, while Harbor Navigation automates port logistics with resilient APIs. Each release ships with observability, rate limits, and typed contracts for safety-critical integrations. Deterministic fixture text for extraction quality checks. Orion Analytics builds secure telemetry platforms for spacecraft, while Harbor Navigation automates port logistics with resilient APIs. Each release ships with observability, rate limits, and typed contracts for safety-critical integrations. Deterministic fixture text for extraction quality checks. Orion Analytics builds secure telemetry platforms for spacecraft, while Harbor Navigation automates port logistics with resilient APIs. Each release ships with observability, rate limits, and typed contracts for safety-critical integrations. Deterministic fixture text for extraction quality checks. Orion Analytics builds secure telemetry platforms for spacecraft, while Harbor Navigation automates port logistics with resilient APIs. Each release ships with observability, rate limits, and typed contracts for safety-critical integrations. Deterministic fixture text for extraction quality checks. Orion Analytics builds secure telemetry platforms for spacecraft, while Harbor Navigation automates port logistics with resilient APIs. Each release ships with observability, rate limits, and typed contracts for safety-critical integrations. Deterministic fixture text for extraction quality checks. Orion Analytics builds secure telemetry platforms for spacecraft, while Harbor Navigation automates port logistics with resilient APIs. Each release ships with observability, rate limits, and typed contracts for safety-critical integrations. Deterministic fixture text for extraction quality checks. Orion Analytics builds secure telemetry platforms for spacecraft, while Harbor Navigation automates port logistics with resilient APIs. Each release ships with observability, rate limits, and typed contracts for safety-critical integrations. Deterministic fixture text for extraction quality checks. Orion Analytics builds secure telemetry platforms for spacecraft, while Harbor Navigation automates port logistics with resilient APIs. Each release ships with observability, rate limits, and typed contracts for safety-critical integrations. Deterministic fixture text for extraction quality checks. Orion Analytics builds secure telemetry platforms for spacecraft, while Harbor Navigation automates port logistics with resilient APIs. Each release ships with observability, rate limits, and typed contracts for safety-critical integrations. Deterministic fixture text for extraction quality checks. Orion Analytics builds secure telemetry platforms for spacecraft, while Harbor Navigation automates port logistics with resilient APIs. Each release ships with observability, rate limits, and typed contracts for safety-critical integrations. Deterministic fixture text for extraction quality checks. Orion Analytics builds secure telemetry platforms for spacecraft, while Harbor Navigation automates port logistics with resilient APIs. Each release ships with observability, rate limits, and typed contracts for safety-critical integrations. Deterministic fixture text for extraction quality checks. Orion Analytics builds secure telemetry platforms for spacecraft, while Harbor Navigation automates port logistics with resilient APIs. Each release ships with observability, rate limits, and typed contracts for safety-critical integrations. Deterministic fixture text for extraction quality checks. Orion Analytics builds secure telemetry platforms for spacecraft, while Harbor Navigation automates port logistics with resilient APIs. Each release ships with observability, rate limits, and typed contracts for safety-critical integrations. Deterministic fixture text for extraction quality checks. Orion Analytics builds secure telemetry platforms for spacecraft, while Harbor Navigation automates port logistics with resilient APIs. Each release ships with observability, rate limits, and typed contracts for safety-critical integrations. Deterministic fixture text for extraction quality checks. Orion Analytics builds secure telemetry platforms for spacecraft, while Harbor Navigation automates port logistics with resilient APIs. Each release ships with observability, rate limits, and typed contracts for safety-critical integrations.",
    "content_hash": "f49b35d0ed63bfc3e5682a7fa85bfbfe316911af9c4f1e31c4ed4c494ef20037",
    "content_size": null,
    "mime_type": "text/html",
    "status": "fetched",
    "error_message": null,
    "last_error": null,
    "attempt_count": 1,
    "max_attempts": 3,
    "next_retry_at": null,
    "fetched_at": "2026-01-04T18:31:29.173170Z",
    "meta": {
      "kind": "url",
      "extraction": {
        "version": "5.1.0",
        "decision": "accept",
        "text_hash": "f49b35d0ed63bfc3e5682a7fa85bfbfe316911af9c4f1e31c4ed4c494ef20037",
        "char_count": 12031,
        "line_count": 3,
        "thresholds": {
          "min_words": 150,
          "min_words_pdf": 50,
          "min_words_html": 150
        },
        "word_count": 1524,
        "extracted_at": "2026-01-04T18:31:32.121236+00:00",
        "reason_codes": [],
        "mime_type_used": "text/html",
        "pdf_bytes_present": false,
        "template_signature": "2e8398f2031d324e734293aaa380b210479f66370ae746c25f6ec7408d38f9cd",
        "source_material_hash": "f49b35d0ed63bfc3e5682a7fa85bfbfe316911af9c4f1e31c4ed4c494ef20037"
      },
      "fetch_info": {
        "http": {
          "headers": {
            "date": "Sun, 04 Jan 2026 18:31:28 GMT",
            "server": "Phase4_13Fixture/1.0 Python/3.11.9",
            "content-type": "text/html",
            "content-length": "12099"
          },
          "final_url": "http://127.0.0.1:63801/content_html",
          "bytes_read": 12099,
          "status_code": 200,
          "content_type": "text/html",
          "content_length": "12099",
          "canonical_final_url": "http://127.0.0.1:63801/content_html"
        },
        "attempt": 1,
        "deduped": false,
        "items_found": 0,
        "max_attempts": 3,
        "canonical_url": "http://127.0.0.1:63801/content_html",
        "extraction_method": "generic_html",
        "canonical_source_id": "0a7f6bef-7826-4178-b92b-d31a5ec4979b"
      },
      "processed_at": "2026-01-04T18:31:32.215893+00:00",
      "fetch_attempt": 1,
      "fetch_options": {
        "headers": null,
        "timeout_seconds": 30
      },
      "quality_flags": {
        "is_thin": false,
        "is_error_page": false,
        "is_paywall_or_login": false,
        "is_unsupported_type": false,
        "is_pdf_bytes_missing": false,
        "is_unextractable_pdf": false,
        "is_duplicate_template": false
      },
      "submitted_via": "api",
      "processed_summary": {
        "new": 1,
        "existing": 0,
        "extracted": 1
      }
    },
    "http_status_code": 200,
    "http_headers": {
      "date": "Sun, 04 Jan 2026 18:31:28 GMT",
      "server": "Phase4_13Fixture/1.0 Python/3.11.9",
      "content-type": "text/html",
      "content-length": "12099"
    },
    "http_error_message": null,
    "http_final_url": "http://127.0.0.1:63801/content_html"
  }
]