[
  {
    "id": "98a36349-e1ee-4002-ac39-fd7183e1ab29",
    "tenant_id": "0275c670-192c-42b6-85ea-d0ac76f14262",
    "target_entity_type": "company",
    "target_canonical_id": "99c1f426-89a7-468a-936d-a0dcab86e5e0",
    "field_key": "hq_country",
    "value": "Romania",
    "value_normalized": "Romania",
    "confidence": 0.9,
    "derived_by": "company_enrichment_extraction_v7_2",
    "source_document_id": "60048561-9c27-4931-8b3c-b0dd05e1beda",
    "input_scope_hash": "e5219ef9febac67113765eeeeb4890a3c399dde81f187897dcf20bc581a39f03",
    "content_hash": "00431164c8fb5b74e709a6d5d9030adc70f6a05e53b018ee91d9e1621309e86c"
  },
  {
    "id": "c13191f1-8892-48ef-8abc-ed93c6450d2f",
    "tenant_id": "0275c670-192c-42b6-85ea-d0ac76f14262",
    "target_entity_type": "company",
    "target_canonical_id": "99c1f426-89a7-468a-936d-a0dcab86e5e0",
    "field_key": "industry_keywords",
    "value": [
      "renewable energy",
      "solar",
      "battery",
      "energy storage",
      "grid"
    ],
    "value_normalized": "renewable energy, solar, battery, energy storage, grid",
    "confidence": 0.7,
    "derived_by": "company_enrichment_extraction_v7_2",
    "source_document_id": "60048561-9c27-4931-8b3c-b0dd05e1beda",
    "input_scope_hash": "af9f35d0e7d599f1ed1bbf827986336b88e9ffac91b343a3afa4cab30ee028d8",
    "content_hash": "dcca3a726c00501d4a70ecddfb9723042fbeebfeaddfa6c190822999c64b6357"
  },
  {
    "id": "b9a52174-f283-493f-bc60-4e79644af6fa",
    "tenant_id": "0275c670-192c-42b6-85ea-d0ac76f14262",
    "target_entity_type": "company",
    "target_canonical_id": "99c1f426-89a7-468a-936d-a0dcab86e5e0",
    "field_key": "ownership_signal",
    "value": "public_company",
    "value_normalized": "public_company",
    "confidence": 0.8,
    "derived_by": "company_enrichment_extraction_v7_2",
    "source_document_id": "60048561-9c27-4931-8b3c-b0dd05e1beda",
    "input_scope_hash": "5e83ac5e74b69417f0e0510778a62009faaa60d0a504d52f036f60b48879a352",
    "content_hash": "d148aa11c15075e81ec9bc02ab9985faa49446b5871627144806e500a7e85998"
  },
  {
    "id": "1a4bece0-7f72-433f-8570-a14de71a0421",
    "tenant_id": "0275c670-192c-42b6-85ea-d0ac76f14262",
    "target_entity_type": "company",
    "target_canonical_id": "f1a89290-ce0f-498e-b25d-15b1e61bf3b5",
    "field_key": "hq_country",
    "value": "India",
    "value_normalized": "India",
    "confidence": 0.7,
    "derived_by": "company_enrichment_extraction_v7_2",
    "source_document_id": "356a16f9-7976-4e0e-984b-c51905bcdcf8",
    "input_scope_hash": "35f201f503aed759bfb399c46e63f39b8556f93e3525949a442bb33939684de0",
    "content_hash": "b16f642cb258899d840e6a4219daabcc10ead4352ca5e3fc2e9bac114008e8b6"
  },
  {
    "id": "6f509552-d321-4d95-b594-6c115815b459",
    "tenant_id": "0275c670-192c-42b6-85ea-d0ac76f14262",
    "target_entity_type": "company",
    "target_canonical_id": "f1a89290-ce0f-498e-b25d-15b1e61bf3b5",
    "field_key": "industry_keywords",
    "value": [
      "fintech",
      "payments",
      "cloud",
      "infrastructure"
    ],
    "value_normalized": "fintech, payments, cloud, infrastructure",
    "confidence": 0.7,
    "derived_by": "company_enrichment_extraction_v7_2",
    "source_document_id": "356a16f9-7976-4e0e-984b-c51905bcdcf8",
    "input_scope_hash": "b662ddb67bb4d3bc200ef3ba2c14a105e6cfbcec20d11d4f842f3dafdee2b486",
    "content_hash": "8bc171ebfd48153058df184dfd917b9db8a1e23b9a024b4e5c9f0967ac10facc"
  },
  {
    "id": "a6c90d70-5f88-4c6c-8814-5ddabb5dc447",
    "tenant_id": "0275c670-192c-42b6-85ea-d0ac76f14262",
    "target_entity_type": "company",
    "target_canonical_id": "f1a89290-ce0f-498e-b25d-15b1e61bf3b5",
    "field_key": "ownership_signal",
    "value": "subsidiary",
    "value_normalized": "subsidiary",
    "confidence": 0.8,
    "derived_by": "company_enrichment_extraction_v7_2",
    "source_document_id": "356a16f9-7976-4e0e-984b-c51905bcdcf8",
    "input_scope_hash": "477b0f2499a83868adc11d7e2dd32f299c718dcae770e3f9b76f1d8ca33c5888",
    "content_hash": "6fccc8b7c85184cfb585f44f836b6a5ec1744c45a6da9948d5c990f6b3e6814d"
  }
]
