{
  "candidate_id": "daf96942-04ec-4efb-a0e7-9a0ff316799b",
  "results": [
    {
      "provider": "lusha",
      "status": "skipped",
      "added_points": 0,
      "skipped_points": 0,
      "enrichment_id": "94b6dea6-386a-4b4d-a395-8a6a733bdb7b",
      "message": "TTL window not expired",
      "source_document_id": "c840c356-792c-445e-ba9c-57e16f2e2725"
    },
    {
      "provider": "signalhire",
      "status": "skipped",
      "added_points": 0,
      "skipped_points": 0,
      "enrichment_id": "fe555355-c93f-4f2e-9076-e6d92c86bf02",
      "message": "TTL window not expired",
      "source_document_id": "bb69ef66-8db7-4fcb-807a-9b1c3f34c558"
    }
  ]
}