{
  "candidate_matches": [],
  "canonical_company_id": null,
  "company_name": "fixture seed",
  "company_prospect_id": "6048ed0e-fa3a-4a25-93a8-c1959bb501f5",
  "external_only": [
    {
      "canonical_company_id": null,
      "company_name": "fixture seed",
      "company_prospect_id": "6048ed0e-fa3a-4a25-93a8-c1959bb501f5",
      "discovered_by": "external",
      "engine": "external",
      "evidence": {
        "enrichment_record_id": "0a569526-c63e-46bd-996f-448bbab42e29",
        "evidence_source_document_ids": [
          "8e95d6c8-7694-4cdd-be7d-a85edeac4311"
        ],
        "request_source_document_id": "a7d8aead-3994-41b9-adcc-1ee3b54af6d5",
        "response_source_document_id": "8e95d6c8-7694-4cdd-be7d-a85edeac4311"
      },
      "id": "019c664f-675e-414e-95c2-d9980bd58c1c",
      "name": "fixture seed COO",
      "provenance": "external",
      "source_label": "external",
      "title": "Chief Operating Officer",
      "verification_status": "unverified"
    }
  ],
  "internal_only": [
    {
      "canonical_company_id": null,
      "company_name": "fixture seed",
      "company_prospect_id": "6048ed0e-fa3a-4a25-93a8-c1959bb501f5",
      "discovered_by": "internal",
      "engine": "internal",
      "evidence": {
        "enrichment_record_id": "3b229913-5f05-4b66-976d-e497235d7feb",
        "evidence_source_document_ids": [
          "fadc7e2f-20f0-4302-a101-e96d92b2a2e5"
        ],
        "request_source_document_id": "7b3633aa-c6b8-4a7b-950b-02d6e3f32d0d",
        "response_source_document_id": "fadc7e2f-20f0-4302-a101-e96d92b2a2e5"
      },
      "id": "77506a1a-fe6a-4d38-b1de-c09e65c14309",
      "name": "fixture seed CFO",
      "provenance": "internal",
      "source_label": "internal",
      "title": "Chief Financial Officer",
      "verification_status": "unverified"
    }
  ],
  "matched_or_both": [
    {
      "canonical_company_id": null,
      "company_name": "fixture seed",
      "company_prospect_id": "6048ed0e-fa3a-4a25-93a8-c1959bb501f5",
      "decision": "both",
      "external": {
        "canonical_company_id": null,
        "company_name": "fixture seed",
        "company_prospect_id": "6048ed0e-fa3a-4a25-93a8-c1959bb501f5",
        "discovered_by": "both",
        "engine": "external",
        "evidence": {
          "enrichment_record_id": "3b229913-5f05-4b66-976d-e497235d7feb",
          "evidence_source_document_ids": [
            "fadc7e2f-20f0-4302-a101-e96d92b2a2e5",
            "8e95d6c8-7694-4cdd-be7d-a85edeac4311"
          ],
          "request_source_document_id": "7b3633aa-c6b8-4a7b-950b-02d6e3f32d0d",
          "response_source_document_id": "fadc7e2f-20f0-4302-a101-e96d92b2a2e5"
        },
        "id": "7bedc6b1-7e91-46b1-bbcb-85d2ee67c484",
        "name": "fixture seed CEO",
        "provenance": "both",
        "source_label": "both",
        "title": "Chief Executive Officer",
        "verification_status": "unverified"
      },
      "internal": {
        "canonical_company_id": null,
        "company_name": "fixture seed",
        "company_prospect_id": "6048ed0e-fa3a-4a25-93a8-c1959bb501f5",
        "discovered_by": "both",
        "engine": "internal",
        "evidence": {
          "enrichment_record_id": "3b229913-5f05-4b66-976d-e497235d7feb",
          "evidence_source_document_ids": [
            "fadc7e2f-20f0-4302-a101-e96d92b2a2e5",
            "8e95d6c8-7694-4cdd-be7d-a85edeac4311"
          ],
          "request_source_document_id": "7b3633aa-c6b8-4a7b-950b-02d6e3f32d0d",
          "response_source_document_id": "fadc7e2f-20f0-4302-a101-e96d92b2a2e5"
        },
        "id": "7bedc6b1-7e91-46b1-bbcb-85d2ee67c484",
        "name": "fixture seed CEO",
        "provenance": "both",
        "source_label": "both",
        "title": "Chief Executive Officer",
        "verification_status": "unverified"
      },
      "name": "fixture seed CEO",
      "note": null,
      "title": "Chief Executive Officer"
    }
  ]
}